0 verbose cli /opt/homebrew/Cellar/node@20/20.19.2/bin/node /opt/homebrew/opt/node@20/bin/npm
1 info using npm@10.8.2
2 info using node@v20.19.2
3 silly config load:file:/opt/homebrew/Cellar/node@20/20.19.2/lib/node_modules/npm/npmrc
4 silly config load:file:/Users/stephanelkhoury/Documents/GitHub/stephanelkhoury/.npmrc
5 silly config load:file:/Users/stephanelkhoury/.npmrc
6 silly config load:file:/opt/homebrew/etc/npmrc
7 verbose title npm ci
8 verbose argv "ci"
9 verbose logfile logs-max:10 dir:/Users/stephanelkhoury/Documents/GitHub/stephanelkhoury/.npm-cache/_logs/2025-10-29T09_03_43_657Z-
10 verbose logfile /Users/stephanelkhoury/Documents/GitHub/stephanelkhoury/.npm-cache/_logs/2025-10-29T09_03_43_657Z-debug-0.log
11 silly packumentCache heap:4345298944 maxSize:1086324736 maxEntrySize:543162368
12 silly logfile done cleaning log files
13 silly idealTree buildDeps
14 silly reify moves {}
15 silly audit bulk request {
15 silly audit   '@alloc/quick-lru': [ '5.2.0' ],
15 silly audit   '@emnapi/core': [ '1.4.3' ],
15 silly audit   '@emnapi/runtime': [ '1.4.3' ],
15 silly audit   '@emnapi/wasi-threads': [ '1.0.2' ],
15 silly audit   '@eslint-community/eslint-utils': [ '4.7.0' ],
15 silly audit   'eslint-visitor-keys': [ '3.4.3', '4.2.0' ],
15 silly audit   '@eslint-community/regexpp': [ '4.12.1' ],
15 silly audit   '@eslint/config-array': [ '0.20.0' ],
15 silly audit   '@eslint/config-helpers': [ '0.2.2' ],
15 silly audit   '@eslint/core': [ '0.14.0' ],
15 silly audit   '@eslint/eslintrc': [ '3.3.1' ],
15 silly audit   '@eslint/js': [ '9.28.0' ],
15 silly audit   '@eslint/object-schema': [ '2.1.6' ],
15 silly audit   '@eslint/plugin-kit': [ '0.3.1' ],
15 silly audit   '@fortawesome/fontawesome-common-types': [ '6.7.2' ],
15 silly audit   '@fortawesome/fontawesome-svg-core': [ '6.7.2' ],
15 silly audit   '@fortawesome/free-brands-svg-icons': [ '6.7.2' ],
15 silly audit   '@fortawesome/free-regular-svg-icons': [ '6.7.2' ],
15 silly audit   '@fortawesome/free-solid-svg-icons': [ '6.7.2' ],
15 silly audit   '@fortawesome/react-fontawesome': [ '0.2.2' ],
15 silly audit   '@humanfs/core': [ '0.19.1' ],
15 silly audit   '@humanfs/node': [ '0.16.6' ],
15 silly audit   '@humanwhocodes/retry': [ '0.3.1', '0.4.3' ],
15 silly audit   '@humanwhocodes/module-importer': [ '1.0.1' ],
15 silly audit   '@img/sharp-darwin-arm64': [ '0.34.2' ],
15 silly audit   '@img/sharp-darwin-x64': [ '0.34.2' ],
15 silly audit   '@img/sharp-libvips-darwin-arm64': [ '1.1.0' ],
15 silly audit   '@img/sharp-libvips-darwin-x64': [ '1.1.0' ],
15 silly audit   '@img/sharp-libvips-linux-arm': [ '1.1.0' ],
15 silly audit   '@img/sharp-libvips-linux-arm64': [ '1.1.0' ],
15 silly audit   '@img/sharp-libvips-linux-ppc64': [ '1.1.0' ],
15 silly audit   '@img/sharp-libvips-linux-s390x': [ '1.1.0' ],
15 silly audit   '@img/sharp-libvips-linux-x64': [ '1.1.0' ],
15 silly audit   '@img/sharp-libvips-linuxmusl-arm64': [ '1.1.0' ],
15 silly audit   '@img/sharp-libvips-linuxmusl-x64': [ '1.1.0' ],
15 silly audit   '@img/sharp-linux-arm': [ '0.34.2' ],
15 silly audit   '@img/sharp-linux-arm64': [ '0.34.2' ],
15 silly audit   '@img/sharp-linux-s390x': [ '0.34.2' ],
15 silly audit   '@img/sharp-linux-x64': [ '0.34.2' ],
15 silly audit   '@img/sharp-linuxmusl-arm64': [ '0.34.2' ],
15 silly audit   '@img/sharp-linuxmusl-x64': [ '0.34.2' ],
15 silly audit   '@img/sharp-wasm32': [ '0.34.2' ],
15 silly audit   '@img/sharp-win32-arm64': [ '0.34.2' ],
15 silly audit   '@img/sharp-win32-ia32': [ '0.34.2' ],
15 silly audit   '@img/sharp-win32-x64': [ '0.34.2' ],
15 silly audit   '@isaacs/cliui': [ '8.0.2' ],
15 silly audit   '@jridgewell/gen-mapping': [ '0.3.8' ],
15 silly audit   '@jridgewell/resolve-uri': [ '3.1.2' ],
15 silly audit   '@jridgewell/set-array': [ '1.2.1' ],
15 silly audit   '@jridgewell/sourcemap-codec': [ '1.5.0' ],
15 silly audit   '@jridgewell/trace-mapping': [ '0.3.25' ],
15 silly audit   '@napi-rs/wasm-runtime': [ '0.2.10' ],
15 silly audit   '@next/env': [ '15.3.3' ],
15 silly audit   '@next/eslint-plugin-next': [ '15.3.3' ],
15 silly audit   '@next/swc-darwin-arm64': [ '15.3.3' ],
15 silly audit   '@next/swc-darwin-x64': [ '15.3.3' ],
15 silly audit   '@next/swc-linux-arm64-gnu': [ '15.3.3' ],
15 silly audit   '@next/swc-linux-arm64-musl': [ '15.3.3' ],
15 silly audit   '@next/swc-linux-x64-gnu': [ '15.3.3' ],
15 silly audit   '@next/swc-linux-x64-musl': [ '15.3.3' ],
15 silly audit   '@next/swc-win32-arm64-msvc': [ '15.3.3' ],
15 silly audit   '@next/swc-win32-x64-msvc': [ '15.3.3' ],
15 silly audit   '@nodelib/fs.scandir': [ '2.1.5' ],
15 silly audit   '@nodelib/fs.stat': [ '2.0.5' ],
15 silly audit   '@nodelib/fs.walk': [ '1.2.8' ],
15 silly audit   '@nolyfill/is-core-module': [ '1.0.39' ],
15 silly audit   '@pkgjs/parseargs': [ '0.11.0' ],
15 silly audit   '@rtsao/scc': [ '1.1.0' ],
15 silly audit   '@rushstack/eslint-patch': [ '1.11.0' ],
15 silly audit   '@studio-freight/lenis': [ '1.0.42' ],
15 silly audit   '@swc/counter': [ '0.1.3' ],
15 silly audit   '@swc/helpers': [ '0.5.15' ],
15 silly audit   '@tybys/wasm-util': [ '0.9.0' ],
15 silly audit   '@types/estree': [ '1.0.7' ],
15 silly audit   '@types/json-schema': [ '7.0.15' ],
15 silly audit   '@types/json5': [ '0.0.29' ],
15 silly audit   '@types/node': [ '20.17.57' ],
15 silly audit   '@types/react': [ '19.1.6' ],
15 silly audit   '@types/react-dom': [ '19.1.5' ],
15 silly audit   '@typescript-eslint/eslint-plugin': [ '8.33.1' ],
15 silly audit   ignore: [ '7.0.5', '5.3.2' ],
15 silly audit   '@typescript-eslint/parser': [ '8.33.1' ],
15 silly audit   '@typescript-eslint/project-service': [ '8.33.1' ],
15 silly audit   '@typescript-eslint/scope-manager': [ '8.33.1' ],
15 silly audit   '@typescript-eslint/tsconfig-utils': [ '8.33.1' ],
15 silly audit   '@typescript-eslint/type-utils': [ '8.33.1' ],
15 silly audit   '@typescript-eslint/types': [ '8.33.1' ],
15 silly audit   '@typescript-eslint/typescript-estree': [ '8.33.1' ],
15 silly audit   'brace-expansion': [ '2.0.1', '1.1.11' ],
15 silly audit   'fast-glob': [ '3.3.3', '3.3.1' ],
15 silly audit   'glob-parent': [ '5.1.2', '6.0.2' ],
15 silly audit   minimatch: [ '9.0.5', '3.1.2' ],
15 silly audit   '@typescript-eslint/utils': [ '8.33.1' ],
15 silly audit   '@typescript-eslint/visitor-keys': [ '8.33.1' ],
15 silly audit   '@unrs/resolver-binding-darwin-arm64': [ '1.7.9' ],
15 silly audit   '@unrs/resolver-binding-darwin-x64': [ '1.7.9' ],
15 silly audit   '@unrs/resolver-binding-freebsd-x64': [ '1.7.9' ],
15 silly audit   '@unrs/resolver-binding-linux-arm-gnueabihf': [ '1.7.9' ],
15 silly audit   '@unrs/resolver-binding-linux-arm-musleabihf': [ '1.7.9' ],
15 silly audit   '@unrs/resolver-binding-linux-arm64-gnu': [ '1.7.9' ],
15 silly audit   '@unrs/resolver-binding-linux-arm64-musl': [ '1.7.9' ],
15 silly audit   '@unrs/resolver-binding-linux-ppc64-gnu': [ '1.7.9' ],
15 silly audit   '@unrs/resolver-binding-linux-riscv64-gnu': [ '1.7.9' ],
15 silly audit   '@unrs/resolver-binding-linux-riscv64-musl': [ '1.7.9' ],
15 silly audit   '@unrs/resolver-binding-linux-s390x-gnu': [ '1.7.9' ],
15 silly audit   '@unrs/resolver-binding-linux-x64-gnu': [ '1.7.9' ],
15 silly audit   '@unrs/resolver-binding-linux-x64-musl': [ '1.7.9' ],
15 silly audit   '@unrs/resolver-binding-wasm32-wasi': [ '1.7.9' ],
15 silly audit   '@unrs/resolver-binding-win32-arm64-msvc': [ '1.7.9' ],
15 silly audit   '@unrs/resolver-binding-win32-ia32-msvc': [ '1.7.9' ],
15 silly audit   '@unrs/resolver-binding-win32-x64-msvc': [ '1.7.9' ],
15 silly audit   acorn: [ '8.14.1' ],
15 silly audit   'acorn-jsx': [ '5.3.2' ],
15 silly audit   ajv: [ '6.12.6' ],
15 silly audit   'ansi-regex': [ '6.1.0', '5.0.1' ],
15 silly audit   'ansi-styles': [ '4.3.0', '6.2.1' ],
15 silly audit   'any-promise': [ '1.3.0' ],
15 silly audit   anymatch: [ '3.1.3' ],
15 silly audit   arg: [ '5.0.2' ],
15 silly audit   argparse: [ '2.0.1' ],
15 silly audit   'aria-query': [ '5.3.2' ],
15 silly audit   'array-buffer-byte-length': [ '1.0.2' ],
15 silly audit   'array-includes': [ '3.1.9' ],
15 silly audit   'array-parallel': [ '0.1.3' ],
15 silly audit   'array-series': [ '0.1.5' ],
15 silly audit   'array.prototype.findlast': [ '1.2.5' ],
15 silly audit   'array.prototype.findlastindex': [ '1.2.6' ],
15 silly audit   'array.prototype.flat': [ '1.3.3' ],
15 silly audit   'array.prototype.flatmap': [ '1.3.3' ],
15 silly audit   'array.prototype.tosorted': [ '1.1.4' ],
15 silly audit   'arraybuffer.prototype.slice': [ '1.0.4' ],
15 silly audit   'ast-types-flow': [ '0.0.8' ],
15 silly audit   'async-function': [ '1.0.0' ],
15 silly audit   autoprefixer: [ '10.4.21' ],
15 silly audit   'available-typed-arrays': [ '1.0.7' ],
15 silly audit   'axe-core': [ '4.10.3' ],
15 silly audit   'axobject-query': [ '4.1.0' ],
15 silly audit   'balanced-match': [ '1.0.2' ],
15 silly audit   'binary-extensions': [ '2.3.0' ],
15 silly audit   braces: [ '3.0.3' ],
15 silly audit   browserslist: [ '4.25.0' ],
15 silly audit   busboy: [ '1.6.0' ],
15 silly audit   'call-bind': [ '1.0.8' ],
15 silly audit   'call-bind-apply-helpers': [ '1.0.2' ],
15 silly audit   'call-bound': [ '1.0.4' ],
15 silly audit   callsites: [ '3.1.0' ],
15 silly audit   'camelcase-css': [ '2.0.1' ],
15 silly audit   'caniuse-lite': [ '1.0.30001720' ],
15 silly audit   chalk: [ '4.1.2' ],
15 silly audit   chokidar: [ '3.6.0' ],
15 silly audit   'client-only': [ '0.0.1' ],
15 silly audit   color: [ '4.2.3' ],
15 silly audit   'color-convert': [ '2.0.1' ],
15 silly audit   'color-name': [ '1.1.4' ],
15 silly audit   'color-string': [ '1.9.1' ],
15 silly audit   commander: [ '4.1.1' ],
15 silly audit   'concat-map': [ '0.0.1' ],
15 silly audit   'cross-spawn': [ '7.0.6' ],
15 silly audit   cssesc: [ '3.0.0' ],
15 silly audit   csstype: [ '3.1.3' ],
15 silly audit   'damerau-levenshtein': [ '1.0.8' ],
15 silly audit   'data-view-buffer': [ '1.0.2' ],
15 silly audit   'data-view-byte-length': [ '1.0.2' ],
15 silly audit   'data-view-byte-offset': [ '1.0.1' ],
15 silly audit   debug: [ '4.4.1', '3.2.7' ],
15 silly audit   'deep-is': [ '0.1.4' ],
15 silly audit   'define-data-property': [ '1.1.4' ],
15 silly audit   'define-properties': [ '1.2.1' ],
15 silly audit   'detect-libc': [ '2.0.4' ],
15 silly audit   didyoumean: [ '1.2.2' ],
15 silly audit   dlv: [ '1.1.3' ],
15 silly audit   doctrine: [ '2.1.0' ],
15 silly audit   'dunder-proto': [ '1.0.1' ],
15 silly audit   eastasianwidth: [ '0.2.0' ],
15 silly audit   'electron-to-chromium': [ '1.5.163' ],
15 silly audit   'emoji-regex': [ '9.2.2', '8.0.0' ],
15 silly audit   'es-abstract': [ '1.24.0' ],
15 silly audit   'es-define-property': [ '1.0.1' ],
15 silly audit   'es-errors': [ '1.3.0' ],
15 silly audit   'es-iterator-helpers': [ '1.2.1' ],
15 silly audit   'es-object-atoms': [ '1.1.1' ],
15 silly audit   'es-set-tostringtag': [ '2.1.0' ],
15 silly audit   'es-shim-unscopables': [ '1.1.0' ],
15 silly audit   'es-to-primitive': [ '1.3.0' ],
15 silly audit   escalade: [ '3.2.0' ],
15 silly audit   'escape-string-regexp': [ '4.0.0' ],
15 silly audit   eslint: [ '9.28.0' ],
15 silly audit   'eslint-config-next': [ '15.3.3' ],
15 silly audit   'eslint-import-resolver-node': [ '0.3.9' ],
15 silly audit   'eslint-import-resolver-typescript': [ '3.10.1' ],
15 silly audit   'eslint-module-utils': [ '2.12.0' ],
15 silly audit   'eslint-plugin-import': [ '2.31.0' ],
15 silly audit   semver: [ '6.3.1', '7.7.2' ],
15 silly audit   'eslint-plugin-jsx-a11y': [ '6.10.2' ],
15 silly audit   'eslint-plugin-react': [ '7.37.5' ],
15 silly audit   'eslint-plugin-react-hooks': [ '5.2.0' ],
15 silly audit   resolve: [ '2.0.0-next.5', '1.22.10' ],
15 silly audit   'eslint-scope': [ '8.3.0' ],
15 silly audit   espree: [ '10.3.0' ],
15 silly audit   esquery: [ '1.6.0' ],
15 silly audit   esrecurse: [ '4.3.0' ],
15 silly audit   estraverse: [ '5.3.0' ],
15 silly audit   esutils: [ '2.0.3' ],
15 silly audit   'fast-deep-equal': [ '3.1.3' ],
15 silly audit   'fast-json-stable-stringify': [ '2.1.0' ],
15 silly audit   'fast-levenshtein': [ '2.0.6' ],
15 silly audit   fastq: [ '1.19.1' ],
15 silly audit   'file-entry-cache': [ '8.0.0' ],
15 silly audit   'fill-range': [ '7.1.1' ],
15 silly audit   'find-up': [ '5.0.0' ],
15 silly audit   'flat-cache': [ '4.0.1' ],
15 silly audit   flatted: [ '3.3.3' ],
15 silly audit   'for-each': [ '0.3.5' ],
15 silly audit   'foreground-child': [ '3.3.1' ],
15 silly audit   'fraction.js': [ '4.3.7' ],
15 silly audit   'framer-motion': [ '12.16.0' ],
15 silly audit   fsevents: [ '2.3.3' ],
15 silly audit   'function-bind': [ '1.1.2' ],
15 silly audit   'function.prototype.name': [ '1.1.8' ],
15 silly audit   'functions-have-names': [ '1.2.3' ],
15 silly audit   'get-intrinsic': [ '1.3.0' ],
15 silly audit   'get-proto': [ '1.0.1' ],
15 silly audit   'get-symbol-description': [ '1.1.0' ],
15 silly audit   'get-tsconfig': [ '4.10.1' ],
15 silly audit   glob: [ '10.4.5' ],
15 silly audit   globals: [ '14.0.0' ],
15 silly audit   globalthis: [ '1.0.4' ],
15 silly audit   gm: [ '1.25.1' ],
15 silly audit   gopd: [ '1.2.0' ],
15 silly audit   graphemer: [ '1.4.0' ],
15 silly audit   gsap: [ '3.13.0' ],
15 silly audit   'has-bigints': [ '1.1.0' ],
15 silly audit   'has-flag': [ '4.0.0' ],
15 silly audit   'has-property-descriptors': [ '1.0.2' ],
15 silly audit   'has-proto': [ '1.2.0' ],
15 silly audit   'has-symbols': [ '1.1.0' ],
15 silly audit   'has-tostringtag': [ '1.0.2' ],
15 silly audit   hasown: [ '2.0.2' ],
15 silly audit   'import-fresh': [ '3.3.1' ],
15 silly audit   imurmurhash: [ '0.1.4' ],
15 silly audit   'internal-slot': [ '1.1.0' ],
15 silly audit   'is-array-buffer': [ '3.0.5' ],
15 silly audit   'is-arrayish': [ '0.3.2' ],
15 silly audit   'is-async-function': [ '2.1.1' ],
15 silly audit   'is-bigint': [ '1.1.0' ],
15 silly audit   'is-binary-path': [ '2.1.0' ],
15 silly audit   'is-boolean-object': [ '1.2.2' ],
15 silly audit   'is-bun-module': [ '2.0.0' ],
15 silly audit   'is-callable': [ '1.2.7' ],
15 silly audit   'is-core-module': [ '2.16.1' ],
15 silly audit   'is-data-view': [ '1.0.2' ],
15 silly audit   'is-date-object': [ '1.1.0' ],
15 silly audit   'is-extglob': [ '2.1.1' ],
15 silly audit   'is-finalizationregistry': [ '1.1.1' ],
15 silly audit   'is-fullwidth-code-point': [ '3.0.0' ],
15 silly audit   'is-generator-function': [ '1.1.0' ],
15 silly audit   'is-glob': [ '4.0.3' ],
15 silly audit   'is-map': [ '2.0.3' ],
15 silly audit   'is-negative-zero': [ '2.0.3' ],
15 silly audit   'is-number': [ '7.0.0' ],
15 silly audit   'is-number-object': [ '1.1.1' ],
15 silly audit   'is-regex': [ '1.2.1' ],
15 silly audit   'is-set': [ '2.0.3' ],
15 silly audit   'is-shared-array-buffer': [ '1.0.4' ],
15 silly audit   'is-string': [ '1.1.1' ],
15 silly audit   'is-symbol': [ '1.1.1' ],
15 silly audit   'is-typed-array': [ '1.1.15' ],
15 silly audit   'is-weakmap': [ '2.0.2' ],
15 silly audit   'is-weakref': [ '1.1.1' ],
15 silly audit   'is-weakset': [ '2.0.4' ],
15 silly audit   isarray: [ '2.0.5' ],
15 silly audit   isexe: [ '2.0.0' ],
15 silly audit   'iterator.prototype': [ '1.1.5' ],
15 silly audit   jackspeak: [ '3.4.3' ],
15 silly audit   jiti: [ '2.4.2', '1.21.7' ],
15 silly audit   'js-tokens': [ '4.0.0' ],
15 silly audit   'js-yaml': [ '4.1.0' ],
15 silly audit   'json-buffer': [ '3.0.1' ],
15 silly audit   'json-schema-traverse': [ '0.4.1' ],
15 silly audit   'json-stable-stringify-without-jsonify': [ '1.0.1' ],
15 silly audit   json5: [ '1.0.2' ],
15 silly audit   'jsx-ast-utils': [ '3.3.5' ],
15 silly audit   keyv: [ '4.5.4' ],
15 silly audit   'language-subtag-registry': [ '0.3.23' ],
15 silly audit   'language-tags': [ '1.0.9' ],
15 silly audit   levn: [ '0.4.1' ],
15 silly audit   lilconfig: [ '3.1.3' ],
15 silly audit   'lines-and-columns': [ '1.2.4' ],
15 silly audit   'locate-path': [ '6.0.0' ],
15 silly audit   'lodash.merge': [ '4.6.2' ],
15 silly audit   'loose-envify': [ '1.4.0' ],
15 silly audit   'lru-cache': [ '10.4.3' ],
15 silly audit   'math-intrinsics': [ '1.1.0' ],
15 silly audit   merge2: [ '1.4.1' ],
15 silly audit   micromatch: [ '4.0.8' ],
15 silly audit   minimist: [ '1.2.8' ],
15 silly audit   minipass: [ '7.1.2' ],
15 silly audit   'motion-dom': [ '12.16.0' ],
15 silly audit   'motion-utils': [ '12.12.1' ],
15 silly audit   ms: [ '2.1.3' ],
15 silly audit   mz: [ '2.7.0' ],
15 silly audit   nanoid: [ '3.3.11' ],
15 silly audit   'napi-postinstall': [ '0.2.4' ],
15 silly audit   'natural-compare': [ '1.4.0' ],
15 silly audit   next: [ '15.3.3' ],
15 silly audit   postcss: [ '8.4.31', '8.5.4' ],
15 silly audit   'node-releases': [ '2.0.19' ],
15 silly audit   'normalize-path': [ '3.0.0' ],
15 silly audit   'normalize-range': [ '0.1.2' ],
15 silly audit   'object-assign': [ '4.1.1' ],
15 silly audit   'object-hash': [ '3.0.0' ],
15 silly audit   'object-inspect': [ '1.13.4' ],
15 silly audit   'object-keys': [ '1.1.1' ],
15 silly audit   'object.assign': [ '4.1.7' ],
15 silly audit   'object.entries': [ '1.1.9' ],
15 silly audit   'object.fromentries': [ '2.0.8' ],
15 silly audit   'object.groupby': [ '1.0.3' ],
15 silly audit   'object.values': [ '1.2.1' ],
15 silly audit   optionator: [ '0.9.4' ],
15 silly audit   'own-keys': [ '1.0.1' ],
15 silly audit   'p-limit': [ '3.1.0' ],
15 silly audit   'p-locate': [ '5.0.0' ],
15 silly audit   'package-json-from-dist': [ '1.0.1' ],
15 silly audit   'parent-module': [ '1.0.1' ],
15 silly audit   'path-exists': [ '4.0.0' ],
15 silly audit   'path-key': [ '3.1.1' ],
15 silly audit   'path-parse': [ '1.0.7' ],
15 silly audit   'path-scurry': [ '1.11.1' ],
15 silly audit   'pdf-poppler': [ '0.2.1' ],
15 silly audit   pdf2pic: [ '3.2.0' ],
15 silly audit   picocolors: [ '1.1.1' ],
15 silly audit   picomatch: [ '2.3.1', '4.0.2' ],
15 silly audit   pify: [ '2.3.0' ],
15 silly audit   pirates: [ '4.0.7' ],
15 silly audit   'possible-typed-array-names': [ '1.1.0' ],
15 silly audit   'postcss-import': [ '15.1.0' ],
15 silly audit   'postcss-js': [ '4.0.1' ],
15 silly audit   'postcss-nested': [ '6.2.0' ],
15 silly audit   'postcss-selector-parser': [ '6.1.2' ],
15 silly audit   'postcss-value-parser': [ '4.2.0' ],
15 silly audit   'prelude-ls': [ '1.2.1' ],
15 silly audit   'prop-types': [ '15.8.1' ],
15 silly audit   punycode: [ '2.3.1' ],
15 silly audit   'queue-microtask': [ '1.2.3' ],
15 silly audit   react: [ '19.1.0' ],
15 silly audit   'react-dom': [ '19.1.0' ],
15 silly audit   'react-is': [ '16.13.1' ],
15 silly audit   'read-cache': [ '1.0.0' ],
15 silly audit   readdirp: [ '3.6.0' ],
15 silly audit   'reflect.getprototypeof': [ '1.0.10' ],
15 silly audit   'regexp.prototype.flags': [ '1.5.4' ],
15 silly audit   'resolve-from': [ '4.0.0' ],
15 silly audit   'resolve-pkg-maps': [ '1.0.0' ],
15 silly audit   reusify: [ '1.1.0' ],
15 silly audit   'run-parallel': [ '1.2.0' ],
15 silly audit   'safe-array-concat': [ '1.1.3' ],
15 silly audit   'safe-push-apply': [ '1.0.0' ],
15 silly audit   'safe-regex-test': [ '1.1.0' ],
15 silly audit   scheduler: [ '0.26.0' ],
15 silly audit   'set-function-length': [ '1.2.2' ],
15 silly audit   'set-function-name': [ '2.0.2' ],
15 silly audit   'set-proto': [ '1.0.0' ],
15 silly audit   sharp: [ '0.34.2' ],
15 silly audit   'shebang-command': [ '2.0.0' ],
15 silly audit   'shebang-regex': [ '3.0.0' ],
15 silly audit   'side-channel': [ '1.1.0' ],
15 silly audit   'side-channel-list': [ '1.0.0' ],
15 silly audit   'side-channel-map': [ '1.0.1' ],
15 silly audit   'side-channel-weakmap': [ '1.0.2' ],
15 silly audit   'signal-exit': [ '4.1.0' ],
15 silly audit   'simple-swizzle': [ '0.2.2' ],
15 silly audit   'source-map-js': [ '1.2.1' ],
15 silly audit   'stable-hash': [ '0.0.5' ],
15 silly audit   'stop-iteration-iterator': [ '1.1.0' ],
15 silly audit   streamsearch: [ '1.1.0' ],
15 silly audit   'string-width': [ '5.1.2', '4.2.3' ],
15 silly audit   'strip-ansi': [ '6.0.1', '7.1.0' ],
15 silly audit   'string.prototype.includes': [ '2.0.1' ],
15 silly audit   'string.prototype.matchall': [ '4.0.12' ],
15 silly audit   'string.prototype.repeat': [ '1.0.0' ],
15 silly audit   'string.prototype.trim': [ '1.2.10' ],
15 silly audit   'string.prototype.trimend': [ '1.0.9' ],
15 silly audit   'string.prototype.trimstart': [ '1.0.8' ],
15 silly audit   'strip-bom': [ '3.0.0' ],
15 silly audit   'strip-json-comments': [ '3.1.1' ],
15 silly audit   'styled-jsx': [ '5.1.6' ],
15 silly audit   sucrase: [ '3.35.0' ],
15 silly audit   'supports-color': [ '7.2.0' ],
15 silly audit   'supports-preserve-symlinks-flag': [ '1.0.0' ],
15 silly audit   tailwindcss: [ '3.4.17' ],
15 silly audit   'postcss-load-config': [ '4.0.2' ],
15 silly audit   thenify: [ '3.3.1' ],
15 silly audit   'thenify-all': [ '1.6.0' ],
15 silly audit   tinyglobby: [ '0.2.14' ],
15 silly audit   fdir: [ '6.4.5' ],
15 silly audit   'to-regex-range': [ '5.0.1' ],
15 silly audit   'ts-api-utils': [ '2.1.0' ],
15 silly audit   'ts-interface-checker': [ '0.1.13' ],
15 silly audit   'tsconfig-paths': [ '3.15.0' ],
15 silly audit   tslib: [ '2.8.1' ],
15 silly audit   'type-check': [ '0.4.0' ],
15 silly audit   'typed-array-buffer': [ '1.0.3' ],
15 silly audit   'typed-array-byte-length': [ '1.0.3' ],
15 silly audit   'typed-array-byte-offset': [ '1.0.4' ],
15 silly audit   'typed-array-length': [ '1.0.7' ],
15 silly audit   typescript: [ '5.8.3' ],
15 silly audit   'unbox-primitive': [ '1.1.0' ],
15 silly audit   'undici-types': [ '6.19.8' ],
15 silly audit   'unrs-resolver': [ '1.7.9' ],
15 silly audit   'update-browserslist-db': [ '1.1.3' ],
15 silly audit   'uri-js': [ '4.4.1' ],
15 silly audit   'util-deprecate': [ '1.0.2' ],
15 silly audit   which: [ '2.0.2' ],
15 silly audit   'which-boxed-primitive': [ '1.1.1' ],
15 silly audit   'which-builtin-type': [ '1.2.1' ],
15 silly audit   'which-collection': [ '1.0.2' ],
15 silly audit   'which-typed-array': [ '1.1.19' ],
15 silly audit   'word-wrap': [ '1.2.5' ],
15 silly audit   'wrap-ansi': [ '8.1.0', '7.0.0' ],
15 silly audit   yaml: [ '2.8.0' ],
15 silly audit   'yocto-queue': [ '0.1.0' ]
15 silly audit }
16 verbose reify failed optional dependency /Users/stephanelkhoury/Documents/GitHub/stephanelkhoury/node_modules/@unrs/resolver-binding-win32-x64-msvc
17 silly reify mark deleted [
17 silly reify   '/Users/stephanelkhoury/Documents/GitHub/stephanelkhoury/node_modules/@unrs/resolver-binding-win32-x64-msvc'
17 silly reify ]
18 verbose reify failed optional dependency /Users/stephanelkhoury/Documents/GitHub/stephanelkhoury/node_modules/@unrs/resolver-binding-win32-ia32-msvc
19 silly reify mark deleted [
19 silly reify   '/Users/stephanelkhoury/Documents/GitHub/stephanelkhoury/node_modules/@unrs/resolver-binding-win32-ia32-msvc'
19 silly reify ]
20 verbose reify failed optional dependency /Users/stephanelkhoury/Documents/GitHub/stephanelkhoury/node_modules/@unrs/resolver-binding-win32-arm64-msvc
21 silly reify mark deleted [
21 silly reify   '/Users/stephanelkhoury/Documents/GitHub/stephanelkhoury/node_modules/@unrs/resolver-binding-win32-arm64-msvc'
21 silly reify ]
22 verbose reify failed optional dependency /Users/stephanelkhoury/Documents/GitHub/stephanelkhoury/node_modules/@unrs/resolver-binding-wasm32-wasi
23 silly reify mark deleted [
23 silly reify   '/Users/stephanelkhoury/Documents/GitHub/stephanelkhoury/node_modules/@unrs/resolver-binding-wasm32-wasi'
23 silly reify ]
24 verbose reify failed optional dependency /Users/stephanelkhoury/Documents/GitHub/stephanelkhoury/node_modules/@napi-rs/wasm-runtime
25 silly reify mark deleted [
25 silly reify   '/Users/stephanelkhoury/Documents/GitHub/stephanelkhoury/node_modules/@napi-rs/wasm-runtime'
25 silly reify ]
26 verbose reify failed optional dependency /Users/stephanelkhoury/Documents/GitHub/stephanelkhoury/node_modules/@emnapi/core
27 silly reify mark deleted [
27 silly reify   '/Users/stephanelkhoury/Documents/GitHub/stephanelkhoury/node_modules/@emnapi/core'
27 silly reify ]
28 verbose reify failed optional dependency /Users/stephanelkhoury/Documents/GitHub/stephanelkhoury/node_modules/@tybys/wasm-util
29 silly reify mark deleted [
29 silly reify   '/Users/stephanelkhoury/Documents/GitHub/stephanelkhoury/node_modules/@tybys/wasm-util'
29 silly reify ]
30 verbose reify failed optional dependency /Users/stephanelkhoury/Documents/GitHub/stephanelkhoury/node_modules/@emnapi/wasi-threads
31 silly reify mark deleted [
31 silly reify   '/Users/stephanelkhoury/Documents/GitHub/stephanelkhoury/node_modules/@emnapi/wasi-threads'
31 silly reify ]
32 verbose reify failed optional dependency /Users/stephanelkhoury/Documents/GitHub/stephanelkhoury/node_modules/@unrs/resolver-binding-linux-x64-musl
33 silly reify mark deleted [
33 silly reify   '/Users/stephanelkhoury/Documents/GitHub/stephanelkhoury/node_modules/@unrs/resolver-binding-linux-x64-musl'
33 silly reify ]
34 verbose reify failed optional dependency /Users/stephanelkhoury/Documents/GitHub/stephanelkhoury/node_modules/@unrs/resolver-binding-linux-x64-gnu
35 silly reify mark deleted [
35 silly reify   '/Users/stephanelkhoury/Documents/GitHub/stephanelkhoury/node_modules/@unrs/resolver-binding-linux-x64-gnu'
35 silly reify ]
36 verbose reify failed optional dependency /Users/stephanelkhoury/Documents/GitHub/stephanelkhoury/node_modules/@unrs/resolver-binding-linux-s390x-gnu
37 silly reify mark deleted [
37 silly reify   '/Users/stephanelkhoury/Documents/GitHub/stephanelkhoury/node_modules/@unrs/resolver-binding-linux-s390x-gnu'
37 silly reify ]
38 verbose reify failed optional dependency /Users/stephanelkhoury/Documents/GitHub/stephanelkhoury/node_modules/@unrs/resolver-binding-linux-riscv64-musl
39 silly reify mark deleted [
39 silly reify   '/Users/stephanelkhoury/Documents/GitHub/stephanelkhoury/node_modules/@unrs/resolver-binding-linux-riscv64-musl'
39 silly reify ]
40 verbose reify failed optional dependency /Users/stephanelkhoury/Documents/GitHub/stephanelkhoury/node_modules/@unrs/resolver-binding-linux-riscv64-gnu
41 silly reify mark deleted [
41 silly reify   '/Users/stephanelkhoury/Documents/GitHub/stephanelkhoury/node_modules/@unrs/resolver-binding-linux-riscv64-gnu'
41 silly reify ]
42 verbose reify failed optional dependency /Users/stephanelkhoury/Documents/GitHub/stephanelkhoury/node_modules/@unrs/resolver-binding-linux-ppc64-gnu
43 silly reify mark deleted [
43 silly reify   '/Users/stephanelkhoury/Documents/GitHub/stephanelkhoury/node_modules/@unrs/resolver-binding-linux-ppc64-gnu'
43 silly reify ]
44 verbose reify failed optional dependency /Users/stephanelkhoury/Documents/GitHub/stephanelkhoury/node_modules/@unrs/resolver-binding-linux-arm64-musl
45 silly reify mark deleted [
45 silly reify   '/Users/stephanelkhoury/Documents/GitHub/stephanelkhoury/node_modules/@unrs/resolver-binding-linux-arm64-musl'
45 silly reify ]
46 verbose reify failed optional dependency /Users/stephanelkhoury/Documents/GitHub/stephanelkhoury/node_modules/@unrs/resolver-binding-linux-arm64-gnu
47 silly reify mark deleted [
47 silly reify   '/Users/stephanelkhoury/Documents/GitHub/stephanelkhoury/node_modules/@unrs/resolver-binding-linux-arm64-gnu'
47 silly reify ]
48 verbose reify failed optional dependency /Users/stephanelkhoury/Documents/GitHub/stephanelkhoury/node_modules/@unrs/resolver-binding-linux-arm-musleabihf
49 silly reify mark deleted [
49 silly reify   '/Users/stephanelkhoury/Documents/GitHub/stephanelkhoury/node_modules/@unrs/resolver-binding-linux-arm-musleabihf'
49 silly reify ]
50 verbose reify failed optional dependency /Users/stephanelkhoury/Documents/GitHub/stephanelkhoury/node_modules/@unrs/resolver-binding-linux-arm-gnueabihf
51 silly reify mark deleted [
51 silly reify   '/Users/stephanelkhoury/Documents/GitHub/stephanelkhoury/node_modules/@unrs/resolver-binding-linux-arm-gnueabihf'
51 silly reify ]
52 verbose reify failed optional dependency /Users/stephanelkhoury/Documents/GitHub/stephanelkhoury/node_modules/@unrs/resolver-binding-freebsd-x64
53 silly reify mark deleted [
53 silly reify   '/Users/stephanelkhoury/Documents/GitHub/stephanelkhoury/node_modules/@unrs/resolver-binding-freebsd-x64'
53 silly reify ]
54 verbose reify failed optional dependency /Users/stephanelkhoury/Documents/GitHub/stephanelkhoury/node_modules/@unrs/resolver-binding-darwin-x64
55 silly reify mark deleted [
55 silly reify   '/Users/stephanelkhoury/Documents/GitHub/stephanelkhoury/node_modules/@unrs/resolver-binding-darwin-x64'
55 silly reify ]
56 verbose reify failed optional dependency /Users/stephanelkhoury/Documents/GitHub/stephanelkhoury/node_modules/@next/swc-win32-x64-msvc
57 silly reify mark deleted [
57 silly reify   '/Users/stephanelkhoury/Documents/GitHub/stephanelkhoury/node_modules/@next/swc-win32-x64-msvc'
57 silly reify ]
58 verbose reify failed optional dependency /Users/stephanelkhoury/Documents/GitHub/stephanelkhoury/node_modules/@next/swc-win32-arm64-msvc
59 silly reify mark deleted [
59 silly reify   '/Users/stephanelkhoury/Documents/GitHub/stephanelkhoury/node_modules/@next/swc-win32-arm64-msvc'
59 silly reify ]
60 verbose reify failed optional dependency /Users/stephanelkhoury/Documents/GitHub/stephanelkhoury/node_modules/@next/swc-linux-x64-musl
61 silly reify mark deleted [
61 silly reify   '/Users/stephanelkhoury/Documents/GitHub/stephanelkhoury/node_modules/@next/swc-linux-x64-musl'
61 silly reify ]
62 verbose reify failed optional dependency /Users/stephanelkhoury/Documents/GitHub/stephanelkhoury/node_modules/@next/swc-linux-x64-gnu
63 silly reify mark deleted [
63 silly reify   '/Users/stephanelkhoury/Documents/GitHub/stephanelkhoury/node_modules/@next/swc-linux-x64-gnu'
63 silly reify ]
64 verbose reify failed optional dependency /Users/stephanelkhoury/Documents/GitHub/stephanelkhoury/node_modules/@next/swc-linux-arm64-musl
65 silly reify mark deleted [
65 silly reify   '/Users/stephanelkhoury/Documents/GitHub/stephanelkhoury/node_modules/@next/swc-linux-arm64-musl'
65 silly reify ]
66 verbose reify failed optional dependency /Users/stephanelkhoury/Documents/GitHub/stephanelkhoury/node_modules/@next/swc-linux-arm64-gnu
67 silly reify mark deleted [
67 silly reify   '/Users/stephanelkhoury/Documents/GitHub/stephanelkhoury/node_modules/@next/swc-linux-arm64-gnu'
67 silly reify ]
68 verbose reify failed optional dependency /Users/stephanelkhoury/Documents/GitHub/stephanelkhoury/node_modules/@next/swc-darwin-x64
69 silly reify mark deleted [
69 silly reify   '/Users/stephanelkhoury/Documents/GitHub/stephanelkhoury/node_modules/@next/swc-darwin-x64'
69 silly reify ]
70 verbose reify failed optional dependency /Users/stephanelkhoury/Documents/GitHub/stephanelkhoury/node_modules/@img/sharp-win32-x64
71 silly reify mark deleted [
71 silly reify   '/Users/stephanelkhoury/Documents/GitHub/stephanelkhoury/node_modules/@img/sharp-win32-x64'
71 silly reify ]
72 verbose reify failed optional dependency /Users/stephanelkhoury/Documents/GitHub/stephanelkhoury/node_modules/@img/sharp-win32-ia32
73 silly reify mark deleted [
73 silly reify   '/Users/stephanelkhoury/Documents/GitHub/stephanelkhoury/node_modules/@img/sharp-win32-ia32'
73 silly reify ]
74 verbose reify failed optional dependency /Users/stephanelkhoury/Documents/GitHub/stephanelkhoury/node_modules/@img/sharp-win32-arm64
75 silly reify mark deleted [
75 silly reify   '/Users/stephanelkhoury/Documents/GitHub/stephanelkhoury/node_modules/@img/sharp-win32-arm64'
75 silly reify ]
76 verbose reify failed optional dependency /Users/stephanelkhoury/Documents/GitHub/stephanelkhoury/node_modules/@img/sharp-wasm32
77 silly reify mark deleted [
77 silly reify   '/Users/stephanelkhoury/Documents/GitHub/stephanelkhoury/node_modules/@img/sharp-wasm32'
77 silly reify ]
78 verbose reify failed optional dependency /Users/stephanelkhoury/Documents/GitHub/stephanelkhoury/node_modules/@img/sharp-linuxmusl-x64
79 silly reify mark deleted [
79 silly reify   '/Users/stephanelkhoury/Documents/GitHub/stephanelkhoury/node_modules/@img/sharp-linuxmusl-x64'
79 silly reify ]
80 verbose reify failed optional dependency /Users/stephanelkhoury/Documents/GitHub/stephanelkhoury/node_modules/@img/sharp-linuxmusl-arm64
81 silly reify mark deleted [
81 silly reify   '/Users/stephanelkhoury/Documents/GitHub/stephanelkhoury/node_modules/@img/sharp-linuxmusl-arm64'
81 silly reify ]
82 verbose reify failed optional dependency /Users/stephanelkhoury/Documents/GitHub/stephanelkhoury/node_modules/@img/sharp-linux-x64
83 silly reify mark deleted [
83 silly reify   '/Users/stephanelkhoury/Documents/GitHub/stephanelkhoury/node_modules/@img/sharp-linux-x64'
83 silly reify ]
84 verbose reify failed optional dependency /Users/stephanelkhoury/Documents/GitHub/stephanelkhoury/node_modules/@img/sharp-linux-s390x
85 silly reify mark deleted [
85 silly reify   '/Users/stephanelkhoury/Documents/GitHub/stephanelkhoury/node_modules/@img/sharp-linux-s390x'
85 silly reify ]
86 verbose reify failed optional dependency /Users/stephanelkhoury/Documents/GitHub/stephanelkhoury/node_modules/@img/sharp-linux-arm64
87 silly reify mark deleted [
87 silly reify   '/Users/stephanelkhoury/Documents/GitHub/stephanelkhoury/node_modules/@img/sharp-linux-arm64'
87 silly reify ]
88 verbose reify failed optional dependency /Users/stephanelkhoury/Documents/GitHub/stephanelkhoury/node_modules/@img/sharp-linux-arm
89 silly reify mark deleted [
89 silly reify   '/Users/stephanelkhoury/Documents/GitHub/stephanelkhoury/node_modules/@img/sharp-linux-arm'
89 silly reify ]
90 verbose reify failed optional dependency /Users/stephanelkhoury/Documents/GitHub/stephanelkhoury/node_modules/@img/sharp-libvips-linuxmusl-x64
91 silly reify mark deleted [
91 silly reify   '/Users/stephanelkhoury/Documents/GitHub/stephanelkhoury/node_modules/@img/sharp-libvips-linuxmusl-x64'
91 silly reify ]
92 verbose reify failed optional dependency /Users/stephanelkhoury/Documents/GitHub/stephanelkhoury/node_modules/@img/sharp-libvips-linuxmusl-arm64
93 silly reify mark deleted [
93 silly reify   '/Users/stephanelkhoury/Documents/GitHub/stephanelkhoury/node_modules/@img/sharp-libvips-linuxmusl-arm64'
93 silly reify ]
94 verbose reify failed optional dependency /Users/stephanelkhoury/Documents/GitHub/stephanelkhoury/node_modules/@img/sharp-libvips-linux-x64
95 silly reify mark deleted [
95 silly reify   '/Users/stephanelkhoury/Documents/GitHub/stephanelkhoury/node_modules/@img/sharp-libvips-linux-x64'
95 silly reify ]
96 verbose reify failed optional dependency /Users/stephanelkhoury/Documents/GitHub/stephanelkhoury/node_modules/@img/sharp-libvips-linux-s390x
97 silly reify mark deleted [
97 silly reify   '/Users/stephanelkhoury/Documents/GitHub/stephanelkhoury/node_modules/@img/sharp-libvips-linux-s390x'
97 silly reify ]
98 verbose reify failed optional dependency /Users/stephanelkhoury/Documents/GitHub/stephanelkhoury/node_modules/@img/sharp-libvips-linux-ppc64
99 silly reify mark deleted [
99 silly reify   '/Users/stephanelkhoury/Documents/GitHub/stephanelkhoury/node_modules/@img/sharp-libvips-linux-ppc64'
99 silly reify ]
100 verbose reify failed optional dependency /Users/stephanelkhoury/Documents/GitHub/stephanelkhoury/node_modules/@img/sharp-libvips-linux-arm64
101 silly reify mark deleted [
101 silly reify   '/Users/stephanelkhoury/Documents/GitHub/stephanelkhoury/node_modules/@img/sharp-libvips-linux-arm64'
101 silly reify ]
102 verbose reify failed optional dependency /Users/stephanelkhoury/Documents/GitHub/stephanelkhoury/node_modules/@img/sharp-libvips-linux-arm
103 silly reify mark deleted [
103 silly reify   '/Users/stephanelkhoury/Documents/GitHub/stephanelkhoury/node_modules/@img/sharp-libvips-linux-arm'
103 silly reify ]
104 verbose reify failed optional dependency /Users/stephanelkhoury/Documents/GitHub/stephanelkhoury/node_modules/@img/sharp-libvips-darwin-x64
105 silly reify mark deleted [
105 silly reify   '/Users/stephanelkhoury/Documents/GitHub/stephanelkhoury/node_modules/@img/sharp-libvips-darwin-x64'
105 silly reify ]
106 verbose reify failed optional dependency /Users/stephanelkhoury/Documents/GitHub/stephanelkhoury/node_modules/@img/sharp-darwin-x64
107 silly reify mark deleted [
107 silly reify   '/Users/stephanelkhoury/Documents/GitHub/stephanelkhoury/node_modules/@img/sharp-darwin-x64'
107 silly reify ]
108 http fetch GET 200 https://registry.npmjs.org/npm 426ms
109 silly tarball no local data for yocto-queue@https://registry.npmjs.org/yocto-queue/-/yocto-queue-0.1.0.tgz. Extracting by manifest.
110 silly tarball no local data for yaml@https://registry.npmjs.org/yaml/-/yaml-2.8.0.tgz. Extracting by manifest.
111 silly tarball no local data for wrap-ansi@https://registry.npmjs.org/wrap-ansi/-/wrap-ansi-8.1.0.tgz. Extracting by manifest.
112 silly tarball no local data for word-wrap@https://registry.npmjs.org/word-wrap/-/word-wrap-1.2.5.tgz. Extracting by manifest.
113 silly tarball no local data for which-typed-array@https://registry.npmjs.org/which-typed-array/-/which-typed-array-1.1.19.tgz. Extracting by manifest.
114 silly tarball no local data for which-builtin-type@https://registry.npmjs.org/which-builtin-type/-/which-builtin-type-1.2.1.tgz. Extracting by manifest.
115 silly tarball no local data for wrap-ansi-cjs@https://registry.npmjs.org/wrap-ansi/-/wrap-ansi-7.0.0.tgz. Extracting by manifest.
116 silly tarball no local data for which-boxed-primitive@https://registry.npmjs.org/which-boxed-primitive/-/which-boxed-primitive-1.1.1.tgz. Extracting by manifest.
117 silly tarball no local data for which@https://registry.npmjs.org/which/-/which-2.0.2.tgz. Extracting by manifest.
118 silly tarball no local data for util-deprecate@https://registry.npmjs.org/util-deprecate/-/util-deprecate-1.0.2.tgz. Extracting by manifest.
119 silly tarball no local data for uri-js@https://registry.npmjs.org/uri-js/-/uri-js-4.4.1.tgz. Extracting by manifest.
120 silly tarball no local data for update-browserslist-db@https://registry.npmjs.org/update-browserslist-db/-/update-browserslist-db-1.1.3.tgz. Extracting by manifest.
121 silly tarball no local data for unrs-resolver@https://registry.npmjs.org/unrs-resolver/-/unrs-resolver-1.7.9.tgz. Extracting by manifest.
122 silly tarball no local data for undici-types@https://registry.npmjs.org/undici-types/-/undici-types-6.19.8.tgz. Extracting by manifest.
123 silly tarball no local data for unbox-primitive@https://registry.npmjs.org/unbox-primitive/-/unbox-primitive-1.1.0.tgz. Extracting by manifest.
124 silly tarball no local data for typescript@https://registry.npmjs.org/typescript/-/typescript-5.8.3.tgz. Extracting by manifest.
125 silly tarball no local data for typed-array-length@https://registry.npmjs.org/typed-array-length/-/typed-array-length-1.0.7.tgz. Extracting by manifest.
126 silly tarball no local data for typed-array-byte-offset@https://registry.npmjs.org/typed-array-byte-offset/-/typed-array-byte-offset-1.0.4.tgz. Extracting by manifest.
127 silly tarball no local data for typed-array-buffer@https://registry.npmjs.org/typed-array-buffer/-/typed-array-buffer-1.0.3.tgz. Extracting by manifest.
128 silly tarball no local data for type-check@https://registry.npmjs.org/type-check/-/type-check-0.4.0.tgz. Extracting by manifest.
129 silly tarball no local data for tslib@https://registry.npmjs.org/tslib/-/tslib-2.8.1.tgz. Extracting by manifest.
130 silly tarball no local data for tsconfig-paths@https://registry.npmjs.org/tsconfig-paths/-/tsconfig-paths-3.15.0.tgz. Extracting by manifest.
131 silly tarball no local data for ts-interface-checker@https://registry.npmjs.org/ts-interface-checker/-/ts-interface-checker-0.1.13.tgz. Extracting by manifest.
132 silly tarball no local data for which-collection@https://registry.npmjs.org/which-collection/-/which-collection-1.0.2.tgz. Extracting by manifest.
133 silly tarball no local data for ts-api-utils@https://registry.npmjs.org/ts-api-utils/-/ts-api-utils-2.1.0.tgz. Extracting by manifest.
134 silly tarball no local data for tinyglobby@https://registry.npmjs.org/tinyglobby/-/tinyglobby-0.2.14.tgz. Extracting by manifest.
135 silly tarball no local data for thenify-all@https://registry.npmjs.org/thenify-all/-/thenify-all-1.6.0.tgz. Extracting by manifest.
136 silly tarball no local data for thenify@https://registry.npmjs.org/thenify/-/thenify-3.3.1.tgz. Extracting by manifest.
137 silly tarball no local data for tailwindcss@https://registry.npmjs.org/tailwindcss/-/tailwindcss-3.4.17.tgz. Extracting by manifest.
138 silly tarball no local data for to-regex-range@https://registry.npmjs.org/to-regex-range/-/to-regex-range-5.0.1.tgz. Extracting by manifest.
139 silly tarball no local data for supports-preserve-symlinks-flag@https://registry.npmjs.org/supports-preserve-symlinks-flag/-/supports-preserve-symlinks-flag-1.0.0.tgz. Extracting by manifest.
140 silly tarball no local data for sucrase@https://registry.npmjs.org/sucrase/-/sucrase-3.35.0.tgz. Extracting by manifest.
141 silly tarball no local data for supports-color@https://registry.npmjs.org/supports-color/-/supports-color-7.2.0.tgz. Extracting by manifest.
142 silly tarball no local data for styled-jsx@https://registry.npmjs.org/styled-jsx/-/styled-jsx-5.1.6.tgz. Extracting by manifest.
143 silly tarball no local data for strip-json-comments@https://registry.npmjs.org/strip-json-comments/-/strip-json-comments-3.1.1.tgz. Extracting by manifest.
144 silly tarball no local data for strip-bom@https://registry.npmjs.org/strip-bom/-/strip-bom-3.0.0.tgz. Extracting by manifest.
145 silly tarball no local data for strip-ansi-cjs@https://registry.npmjs.org/strip-ansi/-/strip-ansi-6.0.1.tgz. Extracting by manifest.
146 silly tarball no local data for strip-ansi@https://registry.npmjs.org/strip-ansi/-/strip-ansi-7.1.0.tgz. Extracting by manifest.
147 silly tarball no local data for string.prototype.trimstart@https://registry.npmjs.org/string.prototype.trimstart/-/string.prototype.trimstart-1.0.8.tgz. Extracting by manifest.
148 silly tarball no local data for string.prototype.trimend@https://registry.npmjs.org/string.prototype.trimend/-/string.prototype.trimend-1.0.9.tgz. Extracting by manifest.
149 silly tarball no local data for string.prototype.trim@https://registry.npmjs.org/string.prototype.trim/-/string.prototype.trim-1.2.10.tgz. Extracting by manifest.
150 silly tarball no local data for string.prototype.repeat@https://registry.npmjs.org/string.prototype.repeat/-/string.prototype.repeat-1.0.0.tgz. Extracting by manifest.
151 silly tarball no local data for string.prototype.matchall@https://registry.npmjs.org/string.prototype.matchall/-/string.prototype.matchall-4.0.12.tgz. Extracting by manifest.
152 silly tarball no local data for string.prototype.includes@https://registry.npmjs.org/string.prototype.includes/-/string.prototype.includes-2.0.1.tgz. Extracting by manifest.
153 silly tarball no local data for string-width-cjs@https://registry.npmjs.org/string-width/-/string-width-4.2.3.tgz. Extracting by manifest.
154 silly tarball no local data for string-width@https://registry.npmjs.org/string-width/-/string-width-5.1.2.tgz. Extracting by manifest.
155 silly tarball no local data for streamsearch@https://registry.npmjs.org/streamsearch/-/streamsearch-1.1.0.tgz. Extracting by manifest.
156 silly tarball no local data for stable-hash@https://registry.npmjs.org/stable-hash/-/stable-hash-0.0.5.tgz. Extracting by manifest.
157 silly tarball no local data for source-map-js@https://registry.npmjs.org/source-map-js/-/source-map-js-1.2.1.tgz. Extracting by manifest.
158 silly tarball no local data for stop-iteration-iterator@https://registry.npmjs.org/stop-iteration-iterator/-/stop-iteration-iterator-1.1.0.tgz. Extracting by manifest.
159 silly tarball no local data for signal-exit@https://registry.npmjs.org/signal-exit/-/signal-exit-4.1.0.tgz. Extracting by manifest.
160 silly tarball no local data for side-channel-map@https://registry.npmjs.org/side-channel-map/-/side-channel-map-1.0.1.tgz. Extracting by manifest.
161 silly tarball no local data for side-channel-list@https://registry.npmjs.org/side-channel-list/-/side-channel-list-1.0.0.tgz. Extracting by manifest.
162 silly tarball no local data for shebang-command@https://registry.npmjs.org/shebang-command/-/shebang-command-2.0.0.tgz. Extracting by manifest.
163 silly tarball no local data for side-channel@https://registry.npmjs.org/side-channel/-/side-channel-1.1.0.tgz. Extracting by manifest.
164 silly tarball no local data for sharp@https://registry.npmjs.org/sharp/-/sharp-0.34.2.tgz. Extracting by manifest.
165 silly tarball no local data for set-function-name@https://registry.npmjs.org/set-function-name/-/set-function-name-2.0.2.tgz. Extracting by manifest.
166 silly tarball no local data for set-function-length@https://registry.npmjs.org/set-function-length/-/set-function-length-1.2.2.tgz. Extracting by manifest.
167 silly tarball no local data for typed-array-byte-length@https://registry.npmjs.org/typed-array-byte-length/-/typed-array-byte-length-1.0.3.tgz. Extracting by manifest.
168 silly tarball no local data for side-channel-weakmap@https://registry.npmjs.org/side-channel-weakmap/-/side-channel-weakmap-1.0.2.tgz. Extracting by manifest.
169 silly tarball no local data for scheduler@https://registry.npmjs.org/scheduler/-/scheduler-0.26.0.tgz. Extracting by manifest.
170 silly tarball no local data for safe-push-apply@https://registry.npmjs.org/safe-push-apply/-/safe-push-apply-1.0.0.tgz. Extracting by manifest.
171 silly tarball no local data for set-proto@https://registry.npmjs.org/set-proto/-/set-proto-1.0.0.tgz. Extracting by manifest.
172 silly tarball no local data for reusify@https://registry.npmjs.org/reusify/-/reusify-1.1.0.tgz. Extracting by manifest.
173 silly tarball no local data for resolve-pkg-maps@https://registry.npmjs.org/resolve-pkg-maps/-/resolve-pkg-maps-1.0.0.tgz. Extracting by manifest.
174 silly tarball no local data for safe-regex-test@https://registry.npmjs.org/safe-regex-test/-/safe-regex-test-1.1.0.tgz. Extracting by manifest.
175 silly tarball no local data for resolve@https://registry.npmjs.org/resolve/-/resolve-1.22.10.tgz. Extracting by manifest.
176 silly tarball no local data for regexp.prototype.flags@https://registry.npmjs.org/regexp.prototype.flags/-/regexp.prototype.flags-1.5.4.tgz. Extracting by manifest.
177 silly tarball no local data for reflect.getprototypeof@https://registry.npmjs.org/reflect.getprototypeof/-/reflect.getprototypeof-1.0.10.tgz. Extracting by manifest.
178 silly tarball no local data for readdirp@https://registry.npmjs.org/readdirp/-/readdirp-3.6.0.tgz. Extracting by manifest.
179 silly tarball no local data for read-cache@https://registry.npmjs.org/read-cache/-/read-cache-1.0.0.tgz. Extracting by manifest.
180 silly tarball no local data for react-is@https://registry.npmjs.org/react-is/-/react-is-16.13.1.tgz. Extracting by manifest.
181 silly tarball no local data for react-dom@https://registry.npmjs.org/react-dom/-/react-dom-19.1.0.tgz. Extracting by manifest.
182 silly tarball no local data for react@https://registry.npmjs.org/react/-/react-19.1.0.tgz. Extracting by manifest.
183 silly tarball no local data for semver@https://registry.npmjs.org/semver/-/semver-7.7.2.tgz. Extracting by manifest.
184 silly tarball no local data for queue-microtask@https://registry.npmjs.org/queue-microtask/-/queue-microtask-1.2.3.tgz. Extracting by manifest.
185 silly tarball no local data for punycode@https://registry.npmjs.org/punycode/-/punycode-2.3.1.tgz. Extracting by manifest.
186 silly tarball no local data for prop-types@https://registry.npmjs.org/prop-types/-/prop-types-15.8.1.tgz. Extracting by manifest.
187 silly tarball no local data for prelude-ls@https://registry.npmjs.org/prelude-ls/-/prelude-ls-1.2.1.tgz. Extracting by manifest.
188 silly tarball no local data for postcss-value-parser@https://registry.npmjs.org/postcss-value-parser/-/postcss-value-parser-4.2.0.tgz. Extracting by manifest.
189 silly tarball no local data for simple-swizzle@https://registry.npmjs.org/simple-swizzle/-/simple-swizzle-0.2.2.tgz. Extracting by manifest.
190 silly tarball no local data for run-parallel@https://registry.npmjs.org/run-parallel/-/run-parallel-1.2.0.tgz. Extracting by manifest.
191 silly tarball no local data for postcss-js@https://registry.npmjs.org/postcss-js/-/postcss-js-4.0.1.tgz. Extracting by manifest.
192 silly tarball no local data for postcss-import@https://registry.npmjs.org/postcss-import/-/postcss-import-15.1.0.tgz. Extracting by manifest.
193 silly tarball no local data for postcss@https://registry.npmjs.org/postcss/-/postcss-8.5.4.tgz. Extracting by manifest.
194 silly tarball no local data for resolve-from@https://registry.npmjs.org/resolve-from/-/resolve-from-4.0.0.tgz. Extracting by manifest.
195 silly tarball no local data for pify@https://registry.npmjs.org/pify/-/pify-2.3.0.tgz. Extracting by manifest.
196 silly tarball no local data for shebang-regex@https://registry.npmjs.org/shebang-regex/-/shebang-regex-3.0.0.tgz. Extracting by manifest.
197 silly tarball no local data for picomatch@https://registry.npmjs.org/picomatch/-/picomatch-2.3.1.tgz. Extracting by manifest.
198 silly tarball no local data for postcss-selector-parser@https://registry.npmjs.org/postcss-selector-parser/-/postcss-selector-parser-6.1.2.tgz. Extracting by manifest.
199 silly tarball no local data for pdf2pic@https://registry.npmjs.org/pdf2pic/-/pdf2pic-3.2.0.tgz. Extracting by manifest.
200 silly tarball no local data for pdf-poppler@https://registry.npmjs.org/pdf-poppler/-/pdf-poppler-0.2.1.tgz. Extracting by manifest.
201 silly tarball no local data for path-scurry@https://registry.npmjs.org/path-scurry/-/path-scurry-1.11.1.tgz. Extracting by manifest.
202 silly tarball no local data for path-parse@https://registry.npmjs.org/path-parse/-/path-parse-1.0.7.tgz. Extracting by manifest.
203 silly tarball no local data for path-key@https://registry.npmjs.org/path-key/-/path-key-3.1.1.tgz. Extracting by manifest.
204 silly tarball no local data for path-exists@https://registry.npmjs.org/path-exists/-/path-exists-4.0.0.tgz. Extracting by manifest.
205 silly tarball no local data for parent-module@https://registry.npmjs.org/parent-module/-/parent-module-1.0.1.tgz. Extracting by manifest.
206 silly tarball no local data for package-json-from-dist@https://registry.npmjs.org/package-json-from-dist/-/package-json-from-dist-1.0.1.tgz. Extracting by manifest.
207 silly tarball no local data for p-locate@https://registry.npmjs.org/p-locate/-/p-locate-5.0.0.tgz. Extracting by manifest.
208 silly tarball no local data for p-limit@https://registry.npmjs.org/p-limit/-/p-limit-3.1.0.tgz. Extracting by manifest.
209 silly tarball no local data for postcss-nested@https://registry.npmjs.org/postcss-nested/-/postcss-nested-6.2.0.tgz. Extracting by manifest.
210 silly tarball no local data for picocolors@https://registry.npmjs.org/picocolors/-/picocolors-1.1.1.tgz. Extracting by manifest.
211 silly tarball no local data for optionator@https://registry.npmjs.org/optionator/-/optionator-0.9.4.tgz. Extracting by manifest.
212 silly tarball no local data for object.values@https://registry.npmjs.org/object.values/-/object.values-1.2.1.tgz. Extracting by manifest.
213 silly tarball no local data for pirates@https://registry.npmjs.org/pirates/-/pirates-4.0.7.tgz. Extracting by manifest.
214 silly tarball no local data for object.fromentries@https://registry.npmjs.org/object.fromentries/-/object.fromentries-2.0.8.tgz. Extracting by manifest.
215 silly tarball no local data for object.entries@https://registry.npmjs.org/object.entries/-/object.entries-1.1.9.tgz. Extracting by manifest.
216 silly tarball no local data for object.groupby@https://registry.npmjs.org/object.groupby/-/object.groupby-1.0.3.tgz. Extracting by manifest.
217 silly tarball no local data for object.assign@https://registry.npmjs.org/object.assign/-/object.assign-4.1.7.tgz. Extracting by manifest.
218 silly tarball no local data for object-keys@https://registry.npmjs.org/object-keys/-/object-keys-1.1.1.tgz. Extracting by manifest.
219 silly tarball no local data for object-inspect@https://registry.npmjs.org/object-inspect/-/object-inspect-1.13.4.tgz. Extracting by manifest.
220 silly tarball no local data for object-hash@https://registry.npmjs.org/object-hash/-/object-hash-3.0.0.tgz. Extracting by manifest.
221 silly tarball no local data for object-assign@https://registry.npmjs.org/object-assign/-/object-assign-4.1.1.tgz. Extracting by manifest.
222 silly tarball no local data for normalize-range@https://registry.npmjs.org/normalize-range/-/normalize-range-0.1.2.tgz. Extracting by manifest.
223 silly tarball no local data for normalize-path@https://registry.npmjs.org/normalize-path/-/normalize-path-3.0.0.tgz. Extracting by manifest.
224 silly tarball no local data for node-releases@https://registry.npmjs.org/node-releases/-/node-releases-2.0.19.tgz. Extracting by manifest.
225 silly tarball no local data for safe-array-concat@https://registry.npmjs.org/safe-array-concat/-/safe-array-concat-1.1.3.tgz. Extracting by manifest.
226 silly tarball no local data for next@https://registry.npmjs.org/next/-/next-15.3.3.tgz. Extracting by manifest.
227 silly tarball no local data for napi-postinstall@https://registry.npmjs.org/napi-postinstall/-/napi-postinstall-0.2.4.tgz. Extracting by manifest.
228 silly tarball no local data for nanoid@https://registry.npmjs.org/nanoid/-/nanoid-3.3.11.tgz. Extracting by manifest.
229 silly tarball no local data for mz@https://registry.npmjs.org/mz/-/mz-2.7.0.tgz. Extracting by manifest.
230 silly tarball no local data for natural-compare@https://registry.npmjs.org/natural-compare/-/natural-compare-1.4.0.tgz. Extracting by manifest.
231 silly tarball no local data for motion-utils@https://registry.npmjs.org/motion-utils/-/motion-utils-12.12.1.tgz. Extracting by manifest.
232 silly tarball no local data for motion-dom@https://registry.npmjs.org/motion-dom/-/motion-dom-12.16.0.tgz. Extracting by manifest.
233 silly tarball no local data for minipass@https://registry.npmjs.org/minipass/-/minipass-7.1.2.tgz. Extracting by manifest.
234 silly tarball no local data for ms@https://registry.npmjs.org/ms/-/ms-2.1.3.tgz. Extracting by manifest.
235 silly tarball no local data for possible-typed-array-names@https://registry.npmjs.org/possible-typed-array-names/-/possible-typed-array-names-1.1.0.tgz. Extracting by manifest.
236 silly tarball no local data for minimist@https://registry.npmjs.org/minimist/-/minimist-1.2.8.tgz. Extracting by manifest.
237 silly tarball no local data for own-keys@https://registry.npmjs.org/own-keys/-/own-keys-1.0.1.tgz. Extracting by manifest.
238 silly tarball no local data for merge2@https://registry.npmjs.org/merge2/-/merge2-1.4.1.tgz. Extracting by manifest.
239 silly tarball no local data for math-intrinsics@https://registry.npmjs.org/math-intrinsics/-/math-intrinsics-1.1.0.tgz. Extracting by manifest.
240 silly tarball no local data for micromatch@https://registry.npmjs.org/micromatch/-/micromatch-4.0.8.tgz. Extracting by manifest.
241 silly tarball no local data for lru-cache@https://registry.npmjs.org/lru-cache/-/lru-cache-10.4.3.tgz. Extracting by manifest.
242 silly tarball no local data for lodash.merge@https://registry.npmjs.org/lodash.merge/-/lodash.merge-4.6.2.tgz. Extracting by manifest.
243 silly tarball no local data for loose-envify@https://registry.npmjs.org/loose-envify/-/loose-envify-1.4.0.tgz. Extracting by manifest.
244 silly tarball no local data for locate-path@https://registry.npmjs.org/locate-path/-/locate-path-6.0.0.tgz. Extracting by manifest.
245 silly tarball no local data for lilconfig@https://registry.npmjs.org/lilconfig/-/lilconfig-3.1.3.tgz. Extracting by manifest.
246 silly tarball no local data for lines-and-columns@https://registry.npmjs.org/lines-and-columns/-/lines-and-columns-1.2.4.tgz. Extracting by manifest.
247 silly tarball no local data for language-tags@https://registry.npmjs.org/language-tags/-/language-tags-1.0.9.tgz. Extracting by manifest.
248 silly tarball no local data for levn@https://registry.npmjs.org/levn/-/levn-0.4.1.tgz. Extracting by manifest.
249 silly tarball no local data for keyv@https://registry.npmjs.org/keyv/-/keyv-4.5.4.tgz. Extracting by manifest.
250 silly tarball no local data for language-subtag-registry@https://registry.npmjs.org/language-subtag-registry/-/language-subtag-registry-0.3.23.tgz. Extracting by manifest.
251 silly tarball no local data for jsx-ast-utils@https://registry.npmjs.org/jsx-ast-utils/-/jsx-ast-utils-3.3.5.tgz. Extracting by manifest.
252 silly tarball no local data for json-stable-stringify-without-jsonify@https://registry.npmjs.org/json-stable-stringify-without-jsonify/-/json-stable-stringify-without-jsonify-1.0.1.tgz. Extracting by manifest.
253 silly tarball no local data for json5@https://registry.npmjs.org/json5/-/json5-1.0.2.tgz. Extracting by manifest.
254 silly tarball no local data for json-schema-traverse@https://registry.npmjs.org/json-schema-traverse/-/json-schema-traverse-0.4.1.tgz. Extracting by manifest.
255 silly tarball no local data for json-buffer@https://registry.npmjs.org/json-buffer/-/json-buffer-3.0.1.tgz. Extracting by manifest.
256 silly tarball no local data for js-yaml@https://registry.npmjs.org/js-yaml/-/js-yaml-4.1.0.tgz. Extracting by manifest.
257 silly tarball no local data for js-tokens@https://registry.npmjs.org/js-tokens/-/js-tokens-4.0.0.tgz. Extracting by manifest.
258 silly tarball no local data for jiti@https://registry.npmjs.org/jiti/-/jiti-2.4.2.tgz. Extracting by manifest.
259 silly tarball no local data for jackspeak@https://registry.npmjs.org/jackspeak/-/jackspeak-3.4.3.tgz. Extracting by manifest.
260 silly tarball no local data for iterator.prototype@https://registry.npmjs.org/iterator.prototype/-/iterator.prototype-1.1.5.tgz. Extracting by manifest.
261 silly tarball no local data for isarray@https://registry.npmjs.org/isarray/-/isarray-2.0.5.tgz. Extracting by manifest.
262 silly tarball no local data for is-weakmap@https://registry.npmjs.org/is-weakmap/-/is-weakmap-2.0.2.tgz. Extracting by manifest.
263 silly tarball no local data for is-typed-array@https://registry.npmjs.org/is-typed-array/-/is-typed-array-1.1.15.tgz. Extracting by manifest.
264 silly tarball no local data for is-symbol@https://registry.npmjs.org/is-symbol/-/is-symbol-1.1.1.tgz. Extracting by manifest.
265 silly tarball no local data for is-string@https://registry.npmjs.org/is-string/-/is-string-1.1.1.tgz. Extracting by manifest.
266 silly tarball no local data for is-weakref@https://registry.npmjs.org/is-weakref/-/is-weakref-1.1.1.tgz. Extracting by manifest.
267 silly tarball no local data for is-set@https://registry.npmjs.org/is-set/-/is-set-2.0.3.tgz. Extracting by manifest.
268 silly tarball no local data for is-number-object@https://registry.npmjs.org/is-number-object/-/is-number-object-1.1.1.tgz. Extracting by manifest.
269 silly tarball no local data for is-number@https://registry.npmjs.org/is-number/-/is-number-7.0.0.tgz. Extracting by manifest.
270 silly tarball no local data for is-regex@https://registry.npmjs.org/is-regex/-/is-regex-1.2.1.tgz. Extracting by manifest.
271 silly tarball no local data for is-negative-zero@https://registry.npmjs.org/is-negative-zero/-/is-negative-zero-2.0.3.tgz. Extracting by manifest.
272 silly tarball no local data for is-weakset@https://registry.npmjs.org/is-weakset/-/is-weakset-2.0.4.tgz. Extracting by manifest.
273 silly tarball no local data for is-shared-array-buffer@https://registry.npmjs.org/is-shared-array-buffer/-/is-shared-array-buffer-1.0.4.tgz. Extracting by manifest.
274 silly tarball no local data for minimatch@https://registry.npmjs.org/minimatch/-/minimatch-3.1.2.tgz. Extracting by manifest.
275 silly tarball no local data for is-generator-function@https://registry.npmjs.org/is-generator-function/-/is-generator-function-1.1.0.tgz. Extracting by manifest.
276 silly tarball no local data for is-map@https://registry.npmjs.org/is-map/-/is-map-2.0.3.tgz. Extracting by manifest.
277 silly tarball no local data for is-finalizationregistry@https://registry.npmjs.org/is-finalizationregistry/-/is-finalizationregistry-1.1.1.tgz. Extracting by manifest.
278 silly tarball no local data for is-date-object@https://registry.npmjs.org/is-date-object/-/is-date-object-1.1.0.tgz. Extracting by manifest.
279 silly tarball no local data for is-extglob@https://registry.npmjs.org/is-extglob/-/is-extglob-2.1.1.tgz. Extracting by manifest.
280 silly tarball no local data for is-data-view@https://registry.npmjs.org/is-data-view/-/is-data-view-1.0.2.tgz. Extracting by manifest.
281 silly tarball no local data for is-core-module@https://registry.npmjs.org/is-core-module/-/is-core-module-2.16.1.tgz. Extracting by manifest.
282 silly tarball no local data for is-callable@https://registry.npmjs.org/is-callable/-/is-callable-1.2.7.tgz. Extracting by manifest.
283 silly tarball no local data for is-boolean-object@https://registry.npmjs.org/is-boolean-object/-/is-boolean-object-1.2.2.tgz. Extracting by manifest.
284 silly tarball no local data for is-binary-path@https://registry.npmjs.org/is-binary-path/-/is-binary-path-2.1.0.tgz. Extracting by manifest.
285 silly tarball no local data for is-glob@https://registry.npmjs.org/is-glob/-/is-glob-4.0.3.tgz. Extracting by manifest.
286 silly tarball no local data for is-bigint@https://registry.npmjs.org/is-bigint/-/is-bigint-1.1.0.tgz. Extracting by manifest.
287 silly tarball no local data for is-async-function@https://registry.npmjs.org/is-async-function/-/is-async-function-2.1.1.tgz. Extracting by manifest.
288 silly tarball no local data for is-arrayish@https://registry.npmjs.org/is-arrayish/-/is-arrayish-0.3.2.tgz. Extracting by manifest.
289 silly tarball no local data for is-array-buffer@https://registry.npmjs.org/is-array-buffer/-/is-array-buffer-3.0.5.tgz. Extracting by manifest.
290 silly tarball no local data for imurmurhash@https://registry.npmjs.org/imurmurhash/-/imurmurhash-0.1.4.tgz. Extracting by manifest.
291 silly tarball no local data for ignore@https://registry.npmjs.org/ignore/-/ignore-5.3.2.tgz. Extracting by manifest.
292 silly tarball no local data for hasown@https://registry.npmjs.org/hasown/-/hasown-2.0.2.tgz. Extracting by manifest.
293 silly tarball no local data for has-tostringtag@https://registry.npmjs.org/has-tostringtag/-/has-tostringtag-1.0.2.tgz. Extracting by manifest.
294 silly tarball no local data for has-symbols@https://registry.npmjs.org/has-symbols/-/has-symbols-1.1.0.tgz. Extracting by manifest.
295 silly tarball no local data for has-proto@https://registry.npmjs.org/has-proto/-/has-proto-1.2.0.tgz. Extracting by manifest.
296 silly tarball no local data for has-property-descriptors@https://registry.npmjs.org/has-property-descriptors/-/has-property-descriptors-1.0.2.tgz. Extracting by manifest.
297 silly tarball no local data for has-flag@https://registry.npmjs.org/has-flag/-/has-flag-4.0.0.tgz. Extracting by manifest.
298 silly tarball no local data for has-bigints@https://registry.npmjs.org/has-bigints/-/has-bigints-1.1.0.tgz. Extracting by manifest.
299 silly tarball no local data for import-fresh@https://registry.npmjs.org/import-fresh/-/import-fresh-3.3.1.tgz. Extracting by manifest.
300 silly tarball no local data for gsap@https://registry.npmjs.org/gsap/-/gsap-3.13.0.tgz. Extracting by manifest.
301 silly tarball no local data for graphemer@https://registry.npmjs.org/graphemer/-/graphemer-1.4.0.tgz. Extracting by manifest.
302 silly tarball no local data for gm@https://registry.npmjs.org/gm/-/gm-1.25.1.tgz. Extracting by manifest.
303 silly tarball no local data for internal-slot@https://registry.npmjs.org/internal-slot/-/internal-slot-1.1.0.tgz. Extracting by manifest.
304 silly tarball no local data for gopd@https://registry.npmjs.org/gopd/-/gopd-1.2.0.tgz. Extracting by manifest.
305 silly tarball no local data for globals@https://registry.npmjs.org/globals/-/globals-14.0.0.tgz. Extracting by manifest.
306 silly tarball no local data for glob-parent@https://registry.npmjs.org/glob-parent/-/glob-parent-6.0.2.tgz. Extracting by manifest.
307 silly tarball no local data for isexe@https://registry.npmjs.org/isexe/-/isexe-2.0.0.tgz. Extracting by manifest.
308 silly tarball no local data for get-symbol-description@https://registry.npmjs.org/get-symbol-description/-/get-symbol-description-1.1.0.tgz. Extracting by manifest.
309 silly tarball no local data for glob@https://registry.npmjs.org/glob/-/glob-10.4.5.tgz. Extracting by manifest.
310 silly tarball no local data for get-proto@https://registry.npmjs.org/get-proto/-/get-proto-1.0.1.tgz. Extracting by manifest.
311 silly tarball no local data for functions-have-names@https://registry.npmjs.org/functions-have-names/-/functions-have-names-1.2.3.tgz. Extracting by manifest.
312 silly tarball no local data for get-intrinsic@https://registry.npmjs.org/get-intrinsic/-/get-intrinsic-1.3.0.tgz. Extracting by manifest.
313 silly tarball no local data for fsevents@https://registry.npmjs.org/fsevents/-/fsevents-2.3.3.tgz. Extracting by manifest.
314 silly tarball no local data for function-bind@https://registry.npmjs.org/function-bind/-/function-bind-1.1.2.tgz. Extracting by manifest.
315 silly tarball no local data for framer-motion@https://registry.npmjs.org/framer-motion/-/framer-motion-12.16.0.tgz. Extracting by manifest.
316 silly tarball no local data for is-fullwidth-code-point@https://registry.npmjs.org/is-fullwidth-code-point/-/is-fullwidth-code-point-3.0.0.tgz. Extracting by manifest.
317 silly tarball no local data for for-each@https://registry.npmjs.org/for-each/-/for-each-0.3.5.tgz. Extracting by manifest.
318 silly tarball no local data for fraction.js@https://registry.npmjs.org/fraction.js/-/fraction.js-4.3.7.tgz. Extracting by manifest.
319 silly tarball no local data for flatted@https://registry.npmjs.org/flatted/-/flatted-3.3.3.tgz. Extracting by manifest.
320 silly tarball no local data for flat-cache@https://registry.npmjs.org/flat-cache/-/flat-cache-4.0.1.tgz. Extracting by manifest.
321 silly tarball no local data for find-up@https://registry.npmjs.org/find-up/-/find-up-5.0.0.tgz. Extracting by manifest.
322 silly tarball no local data for foreground-child@https://registry.npmjs.org/foreground-child/-/foreground-child-3.3.1.tgz. Extracting by manifest.
323 silly tarball no local data for file-entry-cache@https://registry.npmjs.org/file-entry-cache/-/file-entry-cache-8.0.0.tgz. Extracting by manifest.
324 silly tarball no local data for fastq@https://registry.npmjs.org/fastq/-/fastq-1.19.1.tgz. Extracting by manifest.
325 silly tarball no local data for fast-json-stable-stringify@https://registry.npmjs.org/fast-json-stable-stringify/-/fast-json-stable-stringify-2.1.0.tgz. Extracting by manifest.
326 silly tarball no local data for fast-levenshtein@https://registry.npmjs.org/fast-levenshtein/-/fast-levenshtein-2.0.6.tgz. Extracting by manifest.
327 silly tarball no local data for fast-deep-equal@https://registry.npmjs.org/fast-deep-equal/-/fast-deep-equal-3.1.3.tgz. Extracting by manifest.
328 silly tarball no local data for esutils@https://registry.npmjs.org/esutils/-/esutils-2.0.3.tgz. Extracting by manifest.
329 silly tarball no local data for esrecurse@https://registry.npmjs.org/esrecurse/-/esrecurse-4.3.0.tgz. Extracting by manifest.
330 silly tarball no local data for esquery@https://registry.npmjs.org/esquery/-/esquery-1.6.0.tgz. Extracting by manifest.
331 silly tarball no local data for fast-glob@https://registry.npmjs.org/fast-glob/-/fast-glob-3.3.1.tgz. Extracting by manifest.
332 silly tarball no local data for is-bun-module@https://registry.npmjs.org/is-bun-module/-/is-bun-module-2.0.0.tgz. Extracting by manifest.
333 silly tarball no local data for eslint-scope@https://registry.npmjs.org/eslint-scope/-/eslint-scope-8.3.0.tgz. Extracting by manifest.
334 silly tarball no local data for espree@https://registry.npmjs.org/espree/-/espree-10.3.0.tgz. Extracting by manifest.
335 silly tarball no local data for eslint-plugin-react-hooks@https://registry.npmjs.org/eslint-plugin-react-hooks/-/eslint-plugin-react-hooks-5.2.0.tgz. Extracting by manifest.
336 silly tarball no local data for eslint-plugin-jsx-a11y@https://registry.npmjs.org/eslint-plugin-jsx-a11y/-/eslint-plugin-jsx-a11y-6.10.2.tgz. Extracting by manifest.
337 silly tarball no local data for eslint-module-utils@https://registry.npmjs.org/eslint-module-utils/-/eslint-module-utils-2.12.0.tgz. Extracting by manifest.
338 silly tarball no local data for eslint-import-resolver-typescript@https://registry.npmjs.org/eslint-import-resolver-typescript/-/eslint-import-resolver-typescript-3.10.1.tgz. Extracting by manifest.
339 silly tarball no local data for eslint-plugin-react@https://registry.npmjs.org/eslint-plugin-react/-/eslint-plugin-react-7.37.5.tgz. Extracting by manifest.
340 silly tarball no local data for eslint-import-resolver-node@https://registry.npmjs.org/eslint-import-resolver-node/-/eslint-import-resolver-node-0.3.9.tgz. Extracting by manifest.
341 silly tarball no local data for eslint-visitor-keys@https://registry.npmjs.org/eslint-visitor-keys/-/eslint-visitor-keys-4.2.0.tgz. Extracting by manifest.
342 silly tarball no local data for globalthis@https://registry.npmjs.org/globalthis/-/globalthis-1.0.4.tgz. Extracting by manifest.
343 silly tarball no local data for eslint-plugin-import@https://registry.npmjs.org/eslint-plugin-import/-/eslint-plugin-import-2.31.0.tgz. Extracting by manifest.
344 silly tarball no local data for eslint-config-next@https://registry.npmjs.org/eslint-config-next/-/eslint-config-next-15.3.3.tgz. Extracting by manifest.
345 silly tarball no local data for escape-string-regexp@https://registry.npmjs.org/escape-string-regexp/-/escape-string-regexp-4.0.0.tgz. Extracting by manifest.
346 silly tarball no local data for get-tsconfig@https://registry.npmjs.org/get-tsconfig/-/get-tsconfig-4.10.1.tgz. Extracting by manifest.
347 silly tarball no local data for eslint@https://registry.npmjs.org/eslint/-/eslint-9.28.0.tgz. Extracting by manifest.
348 silly tarball no local data for es-to-primitive@https://registry.npmjs.org/es-to-primitive/-/es-to-primitive-1.3.0.tgz. Extracting by manifest.
349 silly tarball no local data for es-iterator-helpers@https://registry.npmjs.org/es-iterator-helpers/-/es-iterator-helpers-1.2.1.tgz. Extracting by manifest.
350 silly tarball no local data for escalade@https://registry.npmjs.org/escalade/-/escalade-3.2.0.tgz. Extracting by manifest.
351 silly tarball no local data for es-object-atoms@https://registry.npmjs.org/es-object-atoms/-/es-object-atoms-1.1.1.tgz. Extracting by manifest.
352 silly tarball no local data for function.prototype.name@https://registry.npmjs.org/function.prototype.name/-/function.prototype.name-1.1.8.tgz. Extracting by manifest.
353 silly tarball no local data for es-set-tostringtag@https://registry.npmjs.org/es-set-tostringtag/-/es-set-tostringtag-2.1.0.tgz. Extracting by manifest.
354 silly tarball no local data for es-shim-unscopables@https://registry.npmjs.org/es-shim-unscopables/-/es-shim-unscopables-1.1.0.tgz. Extracting by manifest.
355 silly tarball no local data for es-errors@https://registry.npmjs.org/es-errors/-/es-errors-1.3.0.tgz. Extracting by manifest.
356 silly tarball no local data for es-define-property@https://registry.npmjs.org/es-define-property/-/es-define-property-1.0.1.tgz. Extracting by manifest.
357 silly tarball no local data for es-abstract@https://registry.npmjs.org/es-abstract/-/es-abstract-1.24.0.tgz. Extracting by manifest.
358 silly tarball no local data for electron-to-chromium@https://registry.npmjs.org/electron-to-chromium/-/electron-to-chromium-1.5.163.tgz. Extracting by manifest.
359 silly tarball no local data for eastasianwidth@https://registry.npmjs.org/eastasianwidth/-/eastasianwidth-0.2.0.tgz. Extracting by manifest.
360 silly tarball no local data for dunder-proto@https://registry.npmjs.org/dunder-proto/-/dunder-proto-1.0.1.tgz. Extracting by manifest.
361 silly tarball no local data for didyoumean@https://registry.npmjs.org/didyoumean/-/didyoumean-1.2.2.tgz. Extracting by manifest.
362 silly tarball no local data for detect-libc@https://registry.npmjs.org/detect-libc/-/detect-libc-2.0.4.tgz. Extracting by manifest.
363 silly tarball no local data for dlv@https://registry.npmjs.org/dlv/-/dlv-1.1.3.tgz. Extracting by manifest.
364 silly tarball no local data for define-properties@https://registry.npmjs.org/define-properties/-/define-properties-1.2.1.tgz. Extracting by manifest.
365 silly tarball no local data for define-data-property@https://registry.npmjs.org/define-data-property/-/define-data-property-1.1.4.tgz. Extracting by manifest.
366 silly tarball no local data for deep-is@https://registry.npmjs.org/deep-is/-/deep-is-0.1.4.tgz. Extracting by manifest.
367 silly tarball no local data for data-view-byte-offset@https://registry.npmjs.org/data-view-byte-offset/-/data-view-byte-offset-1.0.1.tgz. Extracting by manifest.
368 silly tarball no local data for data-view-byte-length@https://registry.npmjs.org/data-view-byte-length/-/data-view-byte-length-1.0.2.tgz. Extracting by manifest.
369 silly tarball no local data for debug@https://registry.npmjs.org/debug/-/debug-4.4.1.tgz. Extracting by manifest.
370 silly tarball no local data for data-view-buffer@https://registry.npmjs.org/data-view-buffer/-/data-view-buffer-1.0.2.tgz. Extracting by manifest.
371 silly tarball no local data for damerau-levenshtein@https://registry.npmjs.org/damerau-levenshtein/-/damerau-levenshtein-1.0.8.tgz. Extracting by manifest.
372 silly tarball no local data for csstype@https://registry.npmjs.org/csstype/-/csstype-3.1.3.tgz. Extracting by manifest.
373 silly tarball no local data for cssesc@https://registry.npmjs.org/cssesc/-/cssesc-3.0.0.tgz. Extracting by manifest.
374 silly tarball no local data for cross-spawn@https://registry.npmjs.org/cross-spawn/-/cross-spawn-7.0.6.tgz. Extracting by manifest.
375 silly tarball no local data for concat-map@https://registry.npmjs.org/concat-map/-/concat-map-0.0.1.tgz. Extracting by manifest.
376 silly tarball no local data for commander@https://registry.npmjs.org/commander/-/commander-4.1.1.tgz. Extracting by manifest.
377 silly tarball no local data for color-string@https://registry.npmjs.org/color-string/-/color-string-1.9.1.tgz. Extracting by manifest.
378 silly tarball no local data for color-name@https://registry.npmjs.org/color-name/-/color-name-1.1.4.tgz. Extracting by manifest.
379 silly tarball no local data for color-convert@https://registry.npmjs.org/color-convert/-/color-convert-2.0.1.tgz. Extracting by manifest.
380 silly tarball no local data for color@https://registry.npmjs.org/color/-/color-4.2.3.tgz. Extracting by manifest.
381 silly tarball no local data for client-only@https://registry.npmjs.org/client-only/-/client-only-0.0.1.tgz. Extracting by manifest.
382 silly tarball no local data for chokidar@https://registry.npmjs.org/chokidar/-/chokidar-3.6.0.tgz. Extracting by manifest.
383 silly tarball no local data for doctrine@https://registry.npmjs.org/doctrine/-/doctrine-2.1.0.tgz. Extracting by manifest.
384 silly tarball no local data for chalk@https://registry.npmjs.org/chalk/-/chalk-4.1.2.tgz. Extracting by manifest.
385 silly tarball no local data for caniuse-lite@https://registry.npmjs.org/caniuse-lite/-/caniuse-lite-1.0.30001720.tgz. Extracting by manifest.
386 silly tarball no local data for camelcase-css@https://registry.npmjs.org/camelcase-css/-/camelcase-css-2.0.1.tgz. Extracting by manifest.
387 silly tarball no local data for callsites@https://registry.npmjs.org/callsites/-/callsites-3.1.0.tgz. Extracting by manifest.
388 silly tarball no local data for call-bound@https://registry.npmjs.org/call-bound/-/call-bound-1.0.4.tgz. Extracting by manifest.
389 silly tarball no local data for call-bind-apply-helpers@https://registry.npmjs.org/call-bind-apply-helpers/-/call-bind-apply-helpers-1.0.2.tgz. Extracting by manifest.
390 silly tarball no local data for call-bind@https://registry.npmjs.org/call-bind/-/call-bind-1.0.8.tgz. Extracting by manifest.
391 silly tarball no local data for busboy@https://registry.npmjs.org/busboy/-/busboy-1.6.0.tgz. Extracting by manifest.
392 silly tarball no local data for browserslist@https://registry.npmjs.org/browserslist/-/browserslist-4.25.0.tgz. Extracting by manifest.
393 silly tarball no local data for braces@https://registry.npmjs.org/braces/-/braces-3.0.3.tgz. Extracting by manifest.
394 silly tarball no local data for brace-expansion@https://registry.npmjs.org/brace-expansion/-/brace-expansion-1.1.11.tgz. Extracting by manifest.
395 silly tarball no local data for axobject-query@https://registry.npmjs.org/axobject-query/-/axobject-query-4.1.0.tgz. Extracting by manifest.
396 silly tarball no local data for balanced-match@https://registry.npmjs.org/balanced-match/-/balanced-match-1.0.2.tgz. Extracting by manifest.
397 silly tarball no local data for axe-core@https://registry.npmjs.org/axe-core/-/axe-core-4.10.3.tgz. Extracting by manifest.
398 silly tarball no local data for available-typed-arrays@https://registry.npmjs.org/available-typed-arrays/-/available-typed-arrays-1.0.7.tgz. Extracting by manifest.
399 silly tarball no local data for autoprefixer@https://registry.npmjs.org/autoprefixer/-/autoprefixer-10.4.21.tgz. Extracting by manifest.
400 silly tarball no local data for emoji-regex@https://registry.npmjs.org/emoji-regex/-/emoji-regex-9.2.2.tgz. Extracting by manifest.
401 silly tarball no local data for async-function@https://registry.npmjs.org/async-function/-/async-function-1.0.0.tgz. Extracting by manifest.
402 silly tarball no local data for arraybuffer.prototype.slice@https://registry.npmjs.org/arraybuffer.prototype.slice/-/arraybuffer.prototype.slice-1.0.4.tgz. Extracting by manifest.
403 silly tarball no local data for array.prototype.tosorted@https://registry.npmjs.org/array.prototype.tosorted/-/array.prototype.tosorted-1.1.4.tgz. Extracting by manifest.
404 silly tarball no local data for array.prototype.flat@https://registry.npmjs.org/array.prototype.flat/-/array.prototype.flat-1.3.3.tgz. Extracting by manifest.
405 silly tarball no local data for array.prototype.flatmap@https://registry.npmjs.org/array.prototype.flatmap/-/array.prototype.flatmap-1.3.3.tgz. Extracting by manifest.
406 silly tarball no local data for array.prototype.findlastindex@https://registry.npmjs.org/array.prototype.findlastindex/-/array.prototype.findlastindex-1.2.6.tgz. Extracting by manifest.
407 silly tarball no local data for array-series@https://registry.npmjs.org/array-series/-/array-series-0.1.5.tgz. Extracting by manifest.
408 silly tarball no local data for array-includes@https://registry.npmjs.org/array-includes/-/array-includes-3.1.9.tgz. Extracting by manifest.
409 silly tarball no local data for array-buffer-byte-length@https://registry.npmjs.org/array-buffer-byte-length/-/array-buffer-byte-length-1.0.2.tgz. Extracting by manifest.
410 silly tarball no local data for aria-query@https://registry.npmjs.org/aria-query/-/aria-query-5.3.2.tgz. Extracting by manifest.
411 silly tarball no local data for argparse@https://registry.npmjs.org/argparse/-/argparse-2.0.1.tgz. Extracting by manifest.
412 silly tarball no local data for arg@https://registry.npmjs.org/arg/-/arg-5.0.2.tgz. Extracting by manifest.
413 silly tarball no local data for anymatch@https://registry.npmjs.org/anymatch/-/anymatch-3.1.3.tgz. Extracting by manifest.
414 silly tarball no local data for any-promise@https://registry.npmjs.org/any-promise/-/any-promise-1.3.0.tgz. Extracting by manifest.
415 silly tarball no local data for ansi-styles@https://registry.npmjs.org/ansi-styles/-/ansi-styles-4.3.0.tgz. Extracting by manifest.
416 silly tarball no local data for ansi-regex@https://registry.npmjs.org/ansi-regex/-/ansi-regex-6.1.0.tgz. Extracting by manifest.
417 silly tarball no local data for ajv@https://registry.npmjs.org/ajv/-/ajv-6.12.6.tgz. Extracting by manifest.
418 silly tarball no local data for acorn-jsx@https://registry.npmjs.org/acorn-jsx/-/acorn-jsx-5.3.2.tgz. Extracting by manifest.
419 silly tarball no local data for array-parallel@https://registry.npmjs.org/array-parallel/-/array-parallel-0.1.3.tgz. Extracting by manifest.
420 silly tarball no local data for @unrs/resolver-binding-darwin-arm64@https://registry.npmjs.org/@unrs/resolver-binding-darwin-arm64/-/resolver-binding-darwin-arm64-1.7.9.tgz. Extracting by manifest.
421 silly tarball no local data for @typescript-eslint/visitor-keys@https://registry.npmjs.org/@typescript-eslint/visitor-keys/-/visitor-keys-8.33.1.tgz. Extracting by manifest.
422 silly tarball no local data for @typescript-eslint/utils@https://registry.npmjs.org/@typescript-eslint/utils/-/utils-8.33.1.tgz. Extracting by manifest.
423 silly tarball no local data for @typescript-eslint/typescript-estree@https://registry.npmjs.org/@typescript-eslint/typescript-estree/-/typescript-estree-8.33.1.tgz. Extracting by manifest.
424 silly tarball no local data for @typescript-eslint/types@https://registry.npmjs.org/@typescript-eslint/types/-/types-8.33.1.tgz. Extracting by manifest.
425 silly tarball no local data for array.prototype.findlast@https://registry.npmjs.org/array.prototype.findlast/-/array.prototype.findlast-1.2.5.tgz. Extracting by manifest.
426 silly tarball no local data for @typescript-eslint/type-utils@https://registry.npmjs.org/@typescript-eslint/type-utils/-/type-utils-8.33.1.tgz. Extracting by manifest.
427 silly tarball no local data for @typescript-eslint/tsconfig-utils@https://registry.npmjs.org/@typescript-eslint/tsconfig-utils/-/tsconfig-utils-8.33.1.tgz. Extracting by manifest.
428 silly tarball no local data for @typescript-eslint/scope-manager@https://registry.npmjs.org/@typescript-eslint/scope-manager/-/scope-manager-8.33.1.tgz. Extracting by manifest.
429 silly tarball no local data for @typescript-eslint/project-service@https://registry.npmjs.org/@typescript-eslint/project-service/-/project-service-8.33.1.tgz. Extracting by manifest.
430 silly tarball no local data for @typescript-eslint/parser@https://registry.npmjs.org/@typescript-eslint/parser/-/parser-8.33.1.tgz. Extracting by manifest.
431 silly tarball no local data for @typescript-eslint/eslint-plugin@https://registry.npmjs.org/@typescript-eslint/eslint-plugin/-/eslint-plugin-8.33.1.tgz. Extracting by manifest.
432 silly tarball no local data for @types/react-dom@https://registry.npmjs.org/@types/react-dom/-/react-dom-19.1.5.tgz. Extracting by manifest.
433 silly tarball no local data for @types/react@https://registry.npmjs.org/@types/react/-/react-19.1.6.tgz. Extracting by manifest.
434 silly tarball no local data for @types/node@https://registry.npmjs.org/@types/node/-/node-20.17.57.tgz. Extracting by manifest.
435 silly tarball no local data for @types/json5@https://registry.npmjs.org/@types/json5/-/json5-0.0.29.tgz. Extracting by manifest.
436 silly tarball no local data for @types/json-schema@https://registry.npmjs.org/@types/json-schema/-/json-schema-7.0.15.tgz. Extracting by manifest.
437 silly tarball no local data for @types/estree@https://registry.npmjs.org/@types/estree/-/estree-1.0.7.tgz. Extracting by manifest.
438 silly tarball no local data for @tybys/wasm-util@https://registry.npmjs.org/@tybys/wasm-util/-/wasm-util-0.9.0.tgz. Extracting by manifest.
439 silly tarball no local data for @swc/helpers@https://registry.npmjs.org/@swc/helpers/-/helpers-0.5.15.tgz. Extracting by manifest.
440 silly tarball no local data for @swc/counter@https://registry.npmjs.org/@swc/counter/-/counter-0.1.3.tgz. Extracting by manifest.
441 silly tarball no local data for @studio-freight/lenis@https://registry.npmjs.org/@studio-freight/lenis/-/lenis-1.0.42.tgz. Extracting by manifest.
442 silly tarball no local data for @rushstack/eslint-patch@https://registry.npmjs.org/@rushstack/eslint-patch/-/eslint-patch-1.11.0.tgz. Extracting by manifest.
443 silly tarball no local data for @rtsao/scc@https://registry.npmjs.org/@rtsao/scc/-/scc-1.1.0.tgz. Extracting by manifest.
444 silly tarball no local data for @pkgjs/parseargs@https://registry.npmjs.org/@pkgjs/parseargs/-/parseargs-0.11.0.tgz. Extracting by manifest.
445 silly tarball no local data for @nolyfill/is-core-module@https://registry.npmjs.org/@nolyfill/is-core-module/-/is-core-module-1.0.39.tgz. Extracting by manifest.
446 silly tarball no local data for binary-extensions@https://registry.npmjs.org/binary-extensions/-/binary-extensions-2.3.0.tgz. Extracting by manifest.
447 silly tarball no local data for @nodelib/fs.walk@https://registry.npmjs.org/@nodelib/fs.walk/-/fs.walk-1.2.8.tgz. Extracting by manifest.
448 silly tarball no local data for acorn@https://registry.npmjs.org/acorn/-/acorn-8.14.1.tgz. Extracting by manifest.
449 silly tarball no local data for @nodelib/fs.scandir@https://registry.npmjs.org/@nodelib/fs.scandir/-/fs.scandir-2.1.5.tgz. Extracting by manifest.
450 silly tarball no local data for @next/swc-darwin-arm64@https://registry.npmjs.org/@next/swc-darwin-arm64/-/swc-darwin-arm64-15.3.3.tgz. Extracting by manifest.
451 silly tarball no local data for @next/eslint-plugin-next@https://registry.npmjs.org/@next/eslint-plugin-next/-/eslint-plugin-next-15.3.3.tgz. Extracting by manifest.
452 silly tarball no local data for @next/env@https://registry.npmjs.org/@next/env/-/env-15.3.3.tgz. Extracting by manifest.
453 silly tarball no local data for @jridgewell/trace-mapping@https://registry.npmjs.org/@jridgewell/trace-mapping/-/trace-mapping-0.3.25.tgz. Extracting by manifest.
454 silly tarball no local data for @jridgewell/sourcemap-codec@https://registry.npmjs.org/@jridgewell/sourcemap-codec/-/sourcemap-codec-1.5.0.tgz. Extracting by manifest.
455 silly tarball no local data for @jridgewell/set-array@https://registry.npmjs.org/@jridgewell/set-array/-/set-array-1.2.1.tgz. Extracting by manifest.
456 silly tarball no local data for @jridgewell/resolve-uri@https://registry.npmjs.org/@jridgewell/resolve-uri/-/resolve-uri-3.1.2.tgz. Extracting by manifest.
457 silly tarball no local data for @jridgewell/gen-mapping@https://registry.npmjs.org/@jridgewell/gen-mapping/-/gen-mapping-0.3.8.tgz. Extracting by manifest.
458 silly tarball no local data for @napi-rs/wasm-runtime@https://registry.npmjs.org/@napi-rs/wasm-runtime/-/wasm-runtime-0.2.10.tgz. Extracting by manifest.
459 silly tarball no local data for @img/sharp-libvips-darwin-arm64@https://registry.npmjs.org/@img/sharp-libvips-darwin-arm64/-/sharp-libvips-darwin-arm64-1.1.0.tgz. Extracting by manifest.
460 silly tarball no local data for @humanwhocodes/retry@https://registry.npmjs.org/@humanwhocodes/retry/-/retry-0.4.3.tgz. Extracting by manifest.
461 silly tarball no local data for @img/sharp-darwin-arm64@https://registry.npmjs.org/@img/sharp-darwin-arm64/-/sharp-darwin-arm64-0.34.2.tgz. Extracting by manifest.
462 silly tarball no local data for @humanwhocodes/module-importer@https://registry.npmjs.org/@humanwhocodes/module-importer/-/module-importer-1.0.1.tgz. Extracting by manifest.
463 silly tarball no local data for @humanfs/node@https://registry.npmjs.org/@humanfs/node/-/node-0.16.6.tgz. Extracting by manifest.
464 silly tarball no local data for @isaacs/cliui@https://registry.npmjs.org/@isaacs/cliui/-/cliui-8.0.2.tgz. Extracting by manifest.
465 silly tarball no local data for @fortawesome/free-solid-svg-icons@https://registry.npmjs.org/@fortawesome/free-solid-svg-icons/-/free-solid-svg-icons-6.7.2.tgz. Extracting by manifest.
466 silly tarball no local data for @fortawesome/react-fontawesome@https://registry.npmjs.org/@fortawesome/react-fontawesome/-/react-fontawesome-0.2.2.tgz. Extracting by manifest.
467 silly tarball no local data for @humanfs/core@https://registry.npmjs.org/@humanfs/core/-/core-0.19.1.tgz. Extracting by manifest.
468 silly tarball no local data for @nodelib/fs.stat@https://registry.npmjs.org/@nodelib/fs.stat/-/fs.stat-2.0.5.tgz. Extracting by manifest.
469 silly tarball no local data for @fortawesome/free-regular-svg-icons@https://registry.npmjs.org/@fortawesome/free-regular-svg-icons/-/free-regular-svg-icons-6.7.2.tgz. Extracting by manifest.
470 silly tarball no local data for @fortawesome/free-brands-svg-icons@https://registry.npmjs.org/@fortawesome/free-brands-svg-icons/-/free-brands-svg-icons-6.7.2.tgz. Extracting by manifest.
471 silly tarball no local data for @fortawesome/fontawesome-svg-core@https://registry.npmjs.org/@fortawesome/fontawesome-svg-core/-/fontawesome-svg-core-6.7.2.tgz. Extracting by manifest.
472 silly tarball no local data for @eslint/plugin-kit@https://registry.npmjs.org/@eslint/plugin-kit/-/plugin-kit-0.3.1.tgz. Extracting by manifest.
473 silly tarball no local data for @eslint/object-schema@https://registry.npmjs.org/@eslint/object-schema/-/object-schema-2.1.6.tgz. Extracting by manifest.
474 silly tarball no local data for @eslint/js@https://registry.npmjs.org/@eslint/js/-/js-9.28.0.tgz. Extracting by manifest.
475 silly tarball no local data for @fortawesome/fontawesome-common-types@https://registry.npmjs.org/@fortawesome/fontawesome-common-types/-/fontawesome-common-types-6.7.2.tgz. Extracting by manifest.
476 silly tarball no local data for @eslint/eslintrc@https://registry.npmjs.org/@eslint/eslintrc/-/eslintrc-3.3.1.tgz. Extracting by manifest.
477 silly tarball no local data for @eslint/core@https://registry.npmjs.org/@eslint/core/-/core-0.14.0.tgz. Extracting by manifest.
478 silly tarball no local data for @eslint/config-helpers@https://registry.npmjs.org/@eslint/config-helpers/-/config-helpers-0.2.2.tgz. Extracting by manifest.
479 silly tarball no local data for @eslint-community/regexpp@https://registry.npmjs.org/@eslint-community/regexpp/-/regexpp-4.12.1.tgz. Extracting by manifest.
480 silly tarball no local data for @eslint-community/eslint-utils@https://registry.npmjs.org/@eslint-community/eslint-utils/-/eslint-utils-4.7.0.tgz. Extracting by manifest.
481 silly tarball no local data for estraverse@https://registry.npmjs.org/estraverse/-/estraverse-5.3.0.tgz. Extracting by manifest.
482 silly tarball no local data for @eslint/config-array@https://registry.npmjs.org/@eslint/config-array/-/config-array-0.20.0.tgz. Extracting by manifest.
483 silly tarball no local data for @emnapi/runtime@https://registry.npmjs.org/@emnapi/runtime/-/runtime-1.4.3.tgz. Extracting by manifest.
484 silly tarball no local data for @emnapi/wasi-threads@https://registry.npmjs.org/@emnapi/wasi-threads/-/wasi-threads-1.0.2.tgz. Extracting by manifest.
485 silly tarball no local data for @emnapi/core@https://registry.npmjs.org/@emnapi/core/-/core-1.4.3.tgz. Extracting by manifest.
486 silly tarball no local data for @alloc/quick-lru@https://registry.npmjs.org/@alloc/quick-lru/-/quick-lru-5.2.0.tgz. Extracting by manifest.
487 silly tarball no local data for string-width@https://registry.npmjs.org/string-width/-/string-width-4.2.3.tgz. Extracting by manifest.
488 silly tarball no local data for strip-ansi@https://registry.npmjs.org/strip-ansi/-/strip-ansi-6.0.1.tgz. Extracting by manifest.
489 silly tarball no local data for emoji-regex@https://registry.npmjs.org/emoji-regex/-/emoji-regex-8.0.0.tgz. Extracting by manifest.
490 silly tarball no local data for ansi-regex@https://registry.npmjs.org/ansi-regex/-/ansi-regex-5.0.1.tgz. Extracting by manifest.
491 silly tarball no local data for ansi-styles@https://registry.npmjs.org/ansi-styles/-/ansi-styles-6.2.1.tgz. Extracting by manifest.
492 silly tarball no local data for picomatch@https://registry.npmjs.org/picomatch/-/picomatch-4.0.2.tgz. Extracting by manifest.
493 silly tarball no local data for postcss-load-config@https://registry.npmjs.org/postcss-load-config/-/postcss-load-config-4.0.2.tgz. Extracting by manifest.
494 silly tarball no local data for fast-glob@https://registry.npmjs.org/fast-glob/-/fast-glob-3.3.3.tgz. Extracting by manifest.
495 silly tarball no local data for glob-parent@https://registry.npmjs.org/glob-parent/-/glob-parent-5.1.2.tgz. Extracting by manifest.
496 silly tarball no local data for ansi-regex@https://registry.npmjs.org/ansi-regex/-/ansi-regex-5.0.1.tgz. Extracting by manifest.
497 silly tarball no local data for strip-ansi@https://registry.npmjs.org/strip-ansi/-/strip-ansi-6.0.1.tgz. Extracting by manifest.
498 silly tarball no local data for emoji-regex@https://registry.npmjs.org/emoji-regex/-/emoji-regex-8.0.0.tgz. Extracting by manifest.
499 silly tarball no local data for ansi-regex@https://registry.npmjs.org/ansi-regex/-/ansi-regex-5.0.1.tgz. Extracting by manifest.
500 silly tarball no local data for postcss@https://registry.npmjs.org/postcss/-/postcss-8.4.31.tgz. Extracting by manifest.
501 silly tarball no local data for debug@https://registry.npmjs.org/debug/-/debug-3.2.7.tgz. Extracting by manifest.
502 silly tarball no local data for minimatch@https://registry.npmjs.org/minimatch/-/minimatch-9.0.5.tgz. Extracting by manifest.
503 silly tarball no local data for brace-expansion@https://registry.npmjs.org/brace-expansion/-/brace-expansion-2.0.1.tgz. Extracting by manifest.
504 silly tarball no local data for glob-parent@https://registry.npmjs.org/glob-parent/-/glob-parent-5.1.2.tgz. Extracting by manifest.
505 silly tarball no local data for fill-range@https://registry.npmjs.org/fill-range/-/fill-range-7.1.1.tgz. Extracting by manifest.
506 silly tarball no local data for ast-types-flow@https://registry.npmjs.org/ast-types-flow/-/ast-types-flow-0.0.8.tgz. Extracting by manifest.
507 silly tarball no local data for semver@https://registry.npmjs.org/semver/-/semver-6.3.1.tgz. Extracting by manifest.
508 silly tarball no local data for resolve@https://registry.npmjs.org/resolve/-/resolve-2.0.0-next.5.tgz. Extracting by manifest.
509 silly tarball no local data for fdir@https://registry.npmjs.org/fdir/-/fdir-6.4.5.tgz. Extracting by manifest.
510 silly tarball no local data for debug@https://registry.npmjs.org/debug/-/debug-3.2.7.tgz. Extracting by manifest.
511 silly tarball no local data for debug@https://registry.npmjs.org/debug/-/debug-3.2.7.tgz. Extracting by manifest.
512 silly tarball no local data for debug@https://registry.npmjs.org/debug/-/debug-3.2.7.tgz. Extracting by manifest.
513 silly tarball no local data for glob-parent@https://registry.npmjs.org/glob-parent/-/glob-parent-5.1.2.tgz. Extracting by manifest.
514 silly tarball no local data for minimatch@https://registry.npmjs.org/minimatch/-/minimatch-9.0.5.tgz. Extracting by manifest.
515 silly tarball no local data for glob-parent@https://registry.npmjs.org/glob-parent/-/glob-parent-5.1.2.tgz. Extracting by manifest.
516 silly tarball no local data for brace-expansion@https://registry.npmjs.org/brace-expansion/-/brace-expansion-2.0.1.tgz. Extracting by manifest.
517 silly tarball no local data for jiti@https://registry.npmjs.org/jiti/-/jiti-1.21.7.tgz. Extracting by manifest.
518 silly tarball no local data for ignore@https://registry.npmjs.org/ignore/-/ignore-7.0.5.tgz. Extracting by manifest.
519 silly tarball no local data for @humanwhocodes/retry@https://registry.npmjs.org/@humanwhocodes/retry/-/retry-0.3.1.tgz. Extracting by manifest.
520 silly tarball no local data for fast-glob@https://registry.npmjs.org/fast-glob/-/fast-glob-3.3.3.tgz. Extracting by manifest.
521 silly tarball no local data for eslint-visitor-keys@https://registry.npmjs.org/eslint-visitor-keys/-/eslint-visitor-keys-3.4.3.tgz. Extracting by manifest.
522 silly tarball no local data for semver@https://registry.npmjs.org/semver/-/semver-6.3.1.tgz. Extracting by manifest.
523 http fetch GET 200 https://registry.npmjs.org/yocto-queue/-/yocto-queue-0.1.0.tgz 769ms (cache miss)
524 http fetch GET 200 https://registry.npmjs.org/unbox-primitive/-/unbox-primitive-1.1.0.tgz 754ms (cache miss)
525 http fetch GET 200 https://registry.npmjs.org/wrap-ansi/-/wrap-ansi-7.0.0.tgz 905ms (cache miss)
526 http fetch GET 200 https://registry.npmjs.org/wrap-ansi/-/wrap-ansi-8.1.0.tgz 913ms (cache miss)
527 http fetch GET 200 https://registry.npmjs.org/update-browserslist-db/-/update-browserslist-db-1.1.3.tgz 939ms (cache miss)
528 http fetch GET 200 https://registry.npmjs.org/unrs-resolver/-/unrs-resolver-1.7.9.tgz 941ms (cache miss)
529 http fetch GET 200 https://registry.npmjs.org/word-wrap/-/word-wrap-1.2.5.tgz 962ms (cache miss)
530 http fetch POST 200 https://registry.npmjs.org/-/npm/v1/security/advisories/bulk 1227ms
531 silly audit report {
531 silly audit report   '@eslint/plugin-kit': [
531 silly audit report     {
531 silly audit report       id: 1106734,
531 silly audit report       url: 'https://github.com/advisories/GHSA-xffm-g5w8-qvg7',
531 silly audit report       title: '@eslint/plugin-kit is vulnerable to Regular Expression Denial of Service attacks through ConfigCommentParser',
531 silly audit report       severity: 'low',
531 silly audit report       vulnerable_versions: '<0.3.4',
531 silly audit report       cwe: [Array],
531 silly audit report       cvss: [Object]
531 silly audit report     }
531 silly audit report   ],
531 silly audit report   'brace-expansion': [
531 silly audit report     {
531 silly audit report       id: 1105443,
531 silly audit report       url: 'https://github.com/advisories/GHSA-v6h2-p8h4-qcjw',
531 silly audit report       title: 'brace-expansion Regular Expression Denial of Service vulnerability',
531 silly audit report       severity: 'low',
531 silly audit report       vulnerable_versions: '>=1.0.0 <=1.1.11',
531 silly audit report       cwe: [Array],
531 silly audit report       cvss: [Object]
531 silly audit report     },
531 silly audit report     {
531 silly audit report       id: 1105444,
531 silly audit report       url: 'https://github.com/advisories/GHSA-v6h2-p8h4-qcjw',
531 silly audit report       title: 'brace-expansion Regular Expression Denial of Service vulnerability',
531 silly audit report       severity: 'low',
531 silly audit report       vulnerable_versions: '>=2.0.0 <=2.0.1',
531 silly audit report       cwe: [Array],
531 silly audit report       cvss: [Object]
531 silly audit report     }
531 silly audit report   ],
531 silly audit report   next: [
531 silly audit report     {
531 silly audit report       id: 1107228,
531 silly audit report       url: 'https://github.com/advisories/GHSA-g5qg-72qw-gw5v',
531 silly audit report       title: 'Next.js Affected by Cache Key Confusion for Image Optimization API Routes',
531 silly audit report       severity: 'moderate',
531 silly audit report       vulnerable_versions: '>=15.0.0 <=15.4.4',
531 silly audit report       cwe: [Array],
531 silly audit report       cvss: [Object]
531 silly audit report     },
531 silly audit report     {
531 silly audit report       id: 1107514,
531 silly audit report       url: 'https://github.com/advisories/GHSA-xv57-4mr9-wg8v',
531 silly audit report       title: 'Next.js Content Injection Vulnerability for Image Optimization',
531 silly audit report       severity: 'moderate',
531 silly audit report       vulnerable_versions: '>=15.0.0 <=15.4.4',
531 silly audit report       cwe: [Array],
531 silly audit report       cvss: [Object]
531 silly audit report     },
531 silly audit report     {
531 silly audit report       id: 1107515,
531 silly audit report       url: 'https://github.com/advisories/GHSA-4342-x723-ch2f',
531 silly audit report       title: 'Next.js Improper Middleware Redirect Handling Leads to SSRF',
531 silly audit report       severity: 'moderate',
531 silly audit report       vulnerable_versions: '>=15.0.0-canary.0 <15.4.7',
531 silly audit report       cwe: [Array],
531 silly audit report       cvss: [Object]
531 silly audit report     }
531 silly audit report   ]
531 silly audit report }
532 silly packumentCache corgi:https://registry.npmjs.org/@eslint%2fplugin-kit cache-miss
533 silly packumentCache corgi:https://registry.npmjs.org/brace-expansion cache-miss
534 silly packumentCache corgi:https://registry.npmjs.org/next cache-miss
535 http fetch GET 200 https://registry.npmjs.org/which-typed-array/-/which-typed-array-1.1.19.tgz 997ms (cache miss)
536 http fetch GET 200 https://registry.npmjs.org/which-boxed-primitive/-/which-boxed-primitive-1.1.1.tgz 997ms (cache miss)
537 http fetch GET 200 https://registry.npmjs.org/typed-array-byte-offset/-/typed-array-byte-offset-1.0.4.tgz 987ms (cache miss)
538 http fetch GET 200 https://registry.npmjs.org/typed-array-buffer/-/typed-array-buffer-1.0.3.tgz 987ms (cache miss)
539 http fetch GET 200 https://registry.npmjs.org/which-builtin-type/-/which-builtin-type-1.2.1.tgz 1000ms (cache miss)
540 http fetch GET 200 https://registry.npmjs.org/type-check/-/type-check-0.4.0.tgz 989ms (cache miss)
541 http fetch GET 200 https://registry.npmjs.org/thenify/-/thenify-3.3.1.tgz 988ms (cache miss)
542 http fetch GET 200 https://registry.npmjs.org/typed-array-length/-/typed-array-length-1.0.7.tgz 1006ms (cache miss)
543 http fetch GET 200 https://registry.npmjs.org/tinyglobby/-/tinyglobby-0.2.14.tgz 1004ms (cache miss)
544 http fetch GET 200 https://registry.npmjs.org/tslib/-/tslib-2.8.1.tgz 1012ms (cache miss)
545 http fetch GET 200 https://registry.npmjs.org/supports-color/-/supports-color-7.2.0.tgz 1004ms (cache miss)
546 http fetch GET 200 https://registry.npmjs.org/strip-json-comments/-/strip-json-comments-3.1.1.tgz 1008ms (cache miss)
547 http fetch GET 200 https://registry.npmjs.org/thenify-all/-/thenify-all-1.6.0.tgz 1019ms (cache miss)
548 http fetch GET 200 https://registry.npmjs.org/which-collection/-/which-collection-1.0.2.tgz 1026ms (cache miss)
549 http fetch GET 200 https://registry.npmjs.org/strip-ansi/-/strip-ansi-6.0.1.tgz 1014ms (cache miss)
550 http fetch GET 200 https://registry.npmjs.org/which/-/which-2.0.2.tgz 1063ms (cache miss)
551 http fetch GET 200 https://registry.npmjs.org/util-deprecate/-/util-deprecate-1.0.2.tgz 1063ms (cache miss)
552 http fetch GET 200 https://registry.npmjs.org/ts-api-utils/-/ts-api-utils-2.1.0.tgz 1059ms (cache miss)
553 http fetch GET 200 https://registry.npmjs.org/undici-types/-/undici-types-6.19.8.tgz 1071ms (cache miss)
554 http fetch GET 200 https://registry.npmjs.org/strip-ansi/-/strip-ansi-7.1.0.tgz 1041ms (cache miss)
555 http fetch GET 200 https://registry.npmjs.org/strip-bom/-/strip-bom-3.0.0.tgz 1046ms (cache miss)
556 http fetch GET 200 https://registry.npmjs.org/string.prototype.trimstart/-/string.prototype.trimstart-1.0.8.tgz 1055ms (cache miss)
557 http fetch GET 200 https://registry.npmjs.org/string-width/-/string-width-4.2.3.tgz 1050ms (cache miss)
558 http fetch GET 200 https://registry.npmjs.org/string.prototype.trim/-/string.prototype.trim-1.2.10.tgz 1071ms (cache miss)
559 http fetch GET 200 https://registry.npmjs.org/string-width/-/string-width-5.1.2.tgz 1089ms (cache miss)
560 http fetch GET 200 https://registry.npmjs.org/string.prototype.repeat/-/string.prototype.repeat-1.0.0.tgz 1107ms (cache miss)
561 http fetch GET 200 https://registry.npmjs.org/stable-hash/-/stable-hash-0.0.5.tgz 1111ms (cache miss)
562 http fetch GET 200 https://registry.npmjs.org/streamsearch/-/streamsearch-1.1.0.tgz 1114ms (cache miss)
563 http fetch GET 200 https://registry.npmjs.org/uri-js/-/uri-js-4.4.1.tgz 1168ms (cache miss)
564 http fetch GET 200 https://registry.npmjs.org/stop-iteration-iterator/-/stop-iteration-iterator-1.1.0.tgz 1114ms (cache miss)
565 http fetch GET 200 https://registry.npmjs.org/side-channel-map/-/side-channel-map-1.0.1.tgz 1122ms (cache miss)
566 http fetch GET 200 https://registry.npmjs.org/supports-preserve-symlinks-flag/-/supports-preserve-symlinks-flag-1.0.0.tgz 1203ms (cache miss)
567 http fetch GET 200 https://registry.npmjs.org/signal-exit/-/signal-exit-4.1.0.tgz 1167ms (cache miss)
568 http fetch GET 200 https://registry.npmjs.org/shebang-command/-/shebang-command-2.0.0.tgz 1174ms (cache miss)
569 http fetch GET 200 https://registry.npmjs.org/source-map-js/-/source-map-js-1.2.1.tgz 1184ms (cache miss)
570 http fetch GET 200 https://registry.npmjs.org/styled-jsx/-/styled-jsx-5.1.6.tgz 1220ms (cache miss)
571 http fetch GET 200 https://registry.npmjs.org/set-function-name/-/set-function-name-2.0.2.tgz 1187ms (cache miss)
572 http fetch GET 200 https://registry.npmjs.org/side-channel/-/side-channel-1.1.0.tgz 1199ms (cache miss)
573 http fetch GET 200 https://registry.npmjs.org/typed-array-byte-length/-/typed-array-byte-length-1.0.3.tgz 1205ms (cache miss)
574 http fetch GET 200 https://registry.npmjs.org/side-channel-weakmap/-/side-channel-weakmap-1.0.2.tgz 1210ms (cache miss)
575 http fetch GET 200 https://registry.npmjs.org/set-function-length/-/set-function-length-1.2.2.tgz 1214ms (cache miss)
576 http fetch GET 200 https://registry.npmjs.org/reusify/-/reusify-1.1.0.tgz 1252ms (cache miss)
577 http fetch GET 200 https://registry.npmjs.org/safe-push-apply/-/safe-push-apply-1.0.0.tgz 1293ms (cache miss)
578 http fetch GET 200 https://registry.npmjs.org/scheduler/-/scheduler-0.26.0.tgz 1328ms (cache miss)
579 http fetch GET 200 https://registry.npmjs.org/string.prototype.includes/-/string.prototype.includes-2.0.1.tgz 1336ms (cache miss)
580 http fetch GET 200 https://registry.npmjs.org/readdirp/-/readdirp-3.6.0.tgz 1330ms (cache miss)
581 http fetch GET 200 https://registry.npmjs.org/string.prototype.matchall/-/string.prototype.matchall-4.0.12.tgz 1355ms (cache miss)
582 http fetch GET 200 https://registry.npmjs.org/ts-interface-checker/-/ts-interface-checker-0.1.13.tgz 1389ms (cache miss)
583 http fetch GET 200 https://registry.npmjs.org/tsconfig-paths/-/tsconfig-paths-3.15.0.tgz 1390ms (cache miss)
584 http fetch GET 200 https://registry.npmjs.org/resolve-pkg-maps/-/resolve-pkg-maps-1.0.0.tgz 1342ms (cache miss)
585 http fetch GET 200 https://registry.npmjs.org/reflect.getprototypeof/-/reflect.getprototypeof-1.0.10.tgz 1340ms (cache miss)
586 http fetch GET 200 https://registry.npmjs.org/safe-regex-test/-/safe-regex-test-1.1.0.tgz 1346ms (cache miss)
587 http fetch GET 200 https://registry.npmjs.org/regexp.prototype.flags/-/regexp.prototype.flags-1.5.4.tgz 1361ms (cache miss)
588 http fetch GET 200 https://registry.npmjs.org/react-is/-/react-is-16.13.1.tgz 1506ms (cache miss)
589 http fetch GET 200 https://registry.npmjs.org/sharp/-/sharp-0.34.2.tgz 1520ms (cache miss)
590 http fetch GET 200 https://registry.npmjs.org/punycode/-/punycode-2.3.1.tgz 1505ms (cache miss)
591 http fetch GET 200 https://registry.npmjs.org/set-proto/-/set-proto-1.0.0.tgz 1527ms (cache miss)
592 http fetch GET 200 https://registry.npmjs.org/simple-swizzle/-/simple-swizzle-0.2.2.tgz 1511ms (cache miss)
593 http fetch GET 200 https://registry.npmjs.org/postcss-value-parser/-/postcss-value-parser-4.2.0.tgz 1518ms (cache miss)
594 http fetch GET 200 https://registry.npmjs.org/postcss-js/-/postcss-js-4.0.1.tgz 1519ms (cache miss)
595 http fetch GET 200 https://registry.npmjs.org/run-parallel/-/run-parallel-1.2.0.tgz 1519ms (cache miss)
596 http fetch GET 200 https://registry.npmjs.org/prelude-ls/-/prelude-ls-1.2.1.tgz 1531ms (cache miss)
597 http fetch GET 200 https://registry.npmjs.org/read-cache/-/read-cache-1.0.0.tgz 1545ms (cache miss)
598 http fetch GET 200 https://registry.npmjs.org/to-regex-range/-/to-regex-range-5.0.1.tgz 1608ms (cache miss)
599 http fetch GET 200 https://registry.npmjs.org/postcss-import/-/postcss-import-15.1.0.tgz 1573ms (cache miss)
600 http fetch GET 200 https://registry.npmjs.org/shebang-regex/-/shebang-regex-3.0.0.tgz 1575ms (cache miss)
601 http fetch GET 200 https://registry.npmjs.org/react/-/react-19.1.0.tgz 1593ms (cache miss)
602 http fetch GET 200 https://registry.npmjs.org/resolve-from/-/resolve-from-4.0.0.tgz 1585ms (cache miss)
603 http fetch GET 200 https://registry.npmjs.org/pify/-/pify-2.3.0.tgz 1597ms (cache miss)
604 http fetch GET 200 https://registry.npmjs.org/prop-types/-/prop-types-15.8.1.tgz 1604ms (cache miss)
605 http fetch GET 200 https://registry.npmjs.org/path-key/-/path-key-3.1.1.tgz 1616ms (cache miss)
606 http fetch GET 200 https://registry.npmjs.org/parent-module/-/parent-module-1.0.1.tgz 1622ms (cache miss)
607 http fetch GET 200 https://registry.npmjs.org/semver/-/semver-7.7.2.tgz 1656ms (cache miss)
608 http fetch GET 200 https://registry.npmjs.org/path-parse/-/path-parse-1.0.7.tgz 1653ms (cache miss)
609 http fetch GET 200 https://registry.npmjs.org/p-locate/-/p-locate-5.0.0.tgz 1676ms (cache miss)
610 http fetch GET 200 https://registry.npmjs.org/package-json-from-dist/-/package-json-from-dist-1.0.1.tgz 1678ms (cache miss)
611 http fetch GET 200 https://registry.npmjs.org/p-limit/-/p-limit-3.1.0.tgz 1798ms (cache miss)
612 http fetch GET 200 https://registry.npmjs.org/string.prototype.trimend/-/string.prototype.trimend-1.0.9.tgz 1883ms (cache miss)
613 http fetch GET 200 https://registry.npmjs.org/path-exists/-/path-exists-4.0.0.tgz 1834ms (cache miss)
614 http fetch GET 200 https://registry.npmjs.org/postcss-nested/-/postcss-nested-6.2.0.tgz 1833ms (cache miss)
615 http fetch GET 200 https://registry.npmjs.org/pdf2pic/-/pdf2pic-3.2.0.tgz 1851ms (cache miss)
616 http fetch GET 200 https://registry.npmjs.org/picocolors/-/picocolors-1.1.1.tgz 1861ms (cache miss)
617 http fetch GET 200 https://registry.npmjs.org/picomatch/-/picomatch-2.3.1.tgz 1881ms (cache miss)
618 http fetch GET 200 https://registry.npmjs.org/postcss-selector-parser/-/postcss-selector-parser-6.1.2.tgz 1881ms (cache miss)
619 http fetch GET 200 https://registry.npmjs.org/object.groupby/-/object.groupby-1.0.3.tgz 1853ms (cache miss)
620 http fetch GET 200 https://registry.npmjs.org/object.fromentries/-/object.fromentries-2.0.8.tgz 1862ms (cache miss)
621 http fetch GET 200 https://registry.npmjs.org/path-scurry/-/path-scurry-1.11.1.tgz 1883ms (cache miss)
622 http fetch GET 200 https://registry.npmjs.org/postcss/-/postcss-8.5.4.tgz 1896ms (cache miss)
623 http fetch GET 200 https://registry.npmjs.org/optionator/-/optionator-0.9.4.tgz 1872ms (cache miss)
624 http fetch GET 200 https://registry.npmjs.org/object.values/-/object.values-1.2.1.tgz 1870ms (cache miss)
625 http fetch GET 200 https://registry.npmjs.org/object.entries/-/object.entries-1.1.9.tgz 1864ms (cache miss)
626 http fetch GET 200 https://registry.npmjs.org/sucrase/-/sucrase-3.35.0.tgz 1970ms (cache miss)
627 http fetch GET 200 https://registry.npmjs.org/object.assign/-/object.assign-4.1.7.tgz 1871ms (cache miss)
628 http fetch GET 200 https://registry.npmjs.org/object-assign/-/object-assign-4.1.1.tgz 1871ms (cache miss)
629 http fetch GET 200 https://registry.npmjs.org/normalize-path/-/normalize-path-3.0.0.tgz 1872ms (cache miss)
630 http fetch GET 200 https://registry.npmjs.org/node-releases/-/node-releases-2.0.19.tgz 1875ms (cache miss)
631 http fetch GET 200 https://registry.npmjs.org/resolve/-/resolve-1.22.10.tgz 1939ms (cache miss)
632 http fetch GET 200 https://registry.npmjs.org/yaml/-/yaml-2.8.0.tgz 2043ms (cache miss)
633 http fetch GET 200 https://registry.npmjs.org/pirates/-/pirates-4.0.7.tgz 1925ms (cache miss)
634 http fetch GET 200 https://registry.npmjs.org/natural-compare/-/natural-compare-1.4.0.tgz 1914ms (cache miss)
635 http fetch GET 200 https://registry.npmjs.org/queue-microtask/-/queue-microtask-1.2.3.tgz 1985ms (cache miss)
636 http fetch GET 200 https://registry.npmjs.org/nanoid/-/nanoid-3.3.11.tgz 1939ms (cache miss)
637 http fetch GET 200 https://registry.npmjs.org/motion-utils/-/motion-utils-12.12.1.tgz 1973ms (cache miss)
638 http fetch GET 200 https://registry.npmjs.org/possible-typed-array-names/-/possible-typed-array-names-1.1.0.tgz 2013ms (cache miss)
639 http fetch GET 200 https://registry.npmjs.org/safe-array-concat/-/safe-array-concat-1.1.3.tgz 2016ms (cache miss)
640 http fetch GET 200 https://registry.npmjs.org/ms/-/ms-2.1.3.tgz 2020ms (cache miss)
641 http fetch GET 200 https://registry.npmjs.org/napi-postinstall/-/napi-postinstall-0.2.4.tgz 2022ms (cache miss)
642 http fetch GET 200 https://registry.npmjs.org/merge2/-/merge2-1.4.1.tgz 2088ms (cache miss)
643 http fetch GET 200 https://registry.npmjs.org/own-keys/-/own-keys-1.0.1.tgz 2088ms (cache miss)
644 http fetch GET 200 https://registry.npmjs.org/minipass/-/minipass-7.1.2.tgz 2098ms (cache miss)
645 http fetch GET 200 https://registry.npmjs.org/object-keys/-/object-keys-1.1.1.tgz 2105ms (cache miss)
646 http fetch GET 200 https://registry.npmjs.org/normalize-range/-/normalize-range-0.1.2.tgz 2104ms (cache miss)
647 http fetch GET 200 https://registry.npmjs.org/micromatch/-/micromatch-4.0.8.tgz 2133ms (cache miss)
648 http fetch GET 200 https://registry.npmjs.org/object-hash/-/object-hash-3.0.0.tgz 2139ms (cache miss)
649 http fetch GET 200 https://registry.npmjs.org/locate-path/-/locate-path-6.0.0.tgz 2140ms (cache miss)
650 http fetch GET 200 https://registry.npmjs.org/language-tags/-/language-tags-1.0.9.tgz 2148ms (cache miss)
651 http fetch GET 200 https://registry.npmjs.org/minimist/-/minimist-1.2.8.tgz 2159ms (cache miss)
652 http fetch GET 200 https://registry.npmjs.org/lodash.merge/-/lodash.merge-4.6.2.tgz 2160ms (cache miss)
653 http fetch GET 200 https://registry.npmjs.org/lines-and-columns/-/lines-and-columns-1.2.4.tgz 2152ms (cache miss)
654 http fetch GET 200 https://registry.npmjs.org/loose-envify/-/loose-envify-1.4.0.tgz 2164ms (cache miss)
655 http fetch GET 200 https://registry.npmjs.org/mz/-/mz-2.7.0.tgz 2170ms (cache miss)
656 http fetch GET 200 https://registry.npmjs.org/lilconfig/-/lilconfig-3.1.3.tgz 2166ms (cache miss)
657 http fetch GET 200 https://registry.npmjs.org/math-intrinsics/-/math-intrinsics-1.1.0.tgz 2173ms (cache miss)
658 http fetch GET 200 https://registry.npmjs.org/keyv/-/keyv-4.5.4.tgz 2162ms (cache miss)
659 http fetch GET 200 https://registry.npmjs.org/react-dom/-/react-dom-19.1.0.tgz 2277ms (cache miss)
660 http fetch GET 200 https://registry.npmjs.org/js-tokens/-/js-tokens-4.0.0.tgz 2210ms (cache miss)
661 http fetch GET 200 https://registry.npmjs.org/tailwindcss/-/tailwindcss-3.4.17.tgz 2341ms (cache miss)
662 http fetch GET 200 https://registry.npmjs.org/iterator.prototype/-/iterator.prototype-1.1.5.tgz 2254ms (cache miss)
663 http fetch GET 200 https://registry.npmjs.org/lru-cache/-/lru-cache-10.4.3.tgz 2280ms (cache miss)
664 http fetch GET 200 https://registry.npmjs.org/jsx-ast-utils/-/jsx-ast-utils-3.3.5.tgz 2267ms (cache miss)
665 http fetch GET 200 https://registry.npmjs.org/jackspeak/-/jackspeak-3.4.3.tgz 2295ms (cache miss)
666 http fetch GET 200 https://registry.npmjs.org/is-weakmap/-/is-weakmap-2.0.2.tgz 2296ms (cache miss)
667 http fetch GET 200 https://registry.npmjs.org/isarray/-/isarray-2.0.5.tgz 2298ms (cache miss)
668 http fetch GET 200 https://registry.npmjs.org/language-subtag-registry/-/language-subtag-registry-0.3.23.tgz 2308ms (cache miss)
669 http fetch GET 200 https://registry.npmjs.org/js-yaml/-/js-yaml-4.1.0.tgz 2311ms (cache miss)
670 http fetch GET 200 https://registry.npmjs.org/json-buffer/-/json-buffer-3.0.1.tgz 2312ms (cache miss)
671 http fetch GET 200 https://registry.npmjs.org/motion-dom/-/motion-dom-12.16.0.tgz 2353ms (cache miss)
672 http fetch GET 200 https://registry.npmjs.org/is-typed-array/-/is-typed-array-1.1.15.tgz 2345ms (cache miss)
673 http fetch GET 200 https://registry.npmjs.org/levn/-/levn-0.4.1.tgz 2361ms (cache miss)
674 http fetch GET 200 https://registry.npmjs.org/is-symbol/-/is-symbol-1.1.1.tgz 2351ms (cache miss)
675 http fetch GET 200 https://registry.npmjs.org/is-string/-/is-string-1.1.1.tgz 2355ms (cache miss)
676 http fetch GET 200 https://registry.npmjs.org/object-inspect/-/object-inspect-1.13.4.tgz 2382ms (cache miss)
677 http fetch GET 200 https://registry.npmjs.org/is-set/-/is-set-2.0.3.tgz 2361ms (cache miss)
678 http fetch GET 200 https://registry.npmjs.org/is-number-object/-/is-number-object-1.1.1.tgz 2365ms (cache miss)
679 http fetch GET 200 https://registry.npmjs.org/is-weakref/-/is-weakref-1.1.1.tgz 2372ms (cache miss)
680 http fetch GET 200 https://registry.npmjs.org/is-regex/-/is-regex-1.2.1.tgz 2375ms (cache miss)
681 http fetch GET 200 https://registry.npmjs.org/is-number/-/is-number-7.0.0.tgz 2389ms (cache miss)
682 http fetch GET 200 https://registry.npmjs.org/is-weakset/-/is-weakset-2.0.4.tgz 2388ms (cache miss)
683 http fetch GET 200 https://registry.npmjs.org/is-map/-/is-map-2.0.3.tgz 2384ms (cache miss)
684 http fetch GET 200 https://registry.npmjs.org/is-negative-zero/-/is-negative-zero-2.0.3.tgz 2400ms (cache miss)
685 http fetch GET 200 https://registry.npmjs.org/minimatch/-/minimatch-3.1.2.tgz 2400ms (cache miss)
686 http fetch GET 200 https://registry.npmjs.org/is-finalizationregistry/-/is-finalizationregistry-1.1.1.tgz 2408ms (cache miss)
687 http fetch GET 200 https://registry.npmjs.org/is-shared-array-buffer/-/is-shared-array-buffer-1.0.4.tgz 2434ms (cache miss)
688 http fetch GET 200 https://registry.npmjs.org/json-schema-traverse/-/json-schema-traverse-0.4.1.tgz 2443ms (cache miss)
689 http fetch GET 200 https://registry.npmjs.org/json5/-/json5-1.0.2.tgz 2445ms (cache miss)
690 http fetch GET 200 https://registry.npmjs.org/is-generator-function/-/is-generator-function-1.1.0.tgz 2435ms (cache miss)
691 http fetch GET 200 https://registry.npmjs.org/is-data-view/-/is-data-view-1.0.2.tgz 2426ms (cache miss)
692 http fetch GET 200 https://registry.npmjs.org/is-boolean-object/-/is-boolean-object-1.2.2.tgz 2480ms (cache miss)
693 http fetch GET 200 https://registry.npmjs.org/is-binary-path/-/is-binary-path-2.1.0.tgz 2480ms (cache miss)
694 http fetch GET 200 https://registry.npmjs.org/is-date-object/-/is-date-object-1.1.0.tgz 2483ms (cache miss)
695 http fetch GET 200 https://registry.npmjs.org/is-extglob/-/is-extglob-2.1.1.tgz 2482ms (cache miss)
696 http fetch GET 200 https://registry.npmjs.org/is-glob/-/is-glob-4.0.3.tgz 2482ms (cache miss)
697 http fetch GET 200 https://registry.npmjs.org/is-callable/-/is-callable-1.2.7.tgz 2482ms (cache miss)
698 http fetch GET 200 https://registry.npmjs.org/is-async-function/-/is-async-function-2.1.1.tgz 2498ms (cache miss)
699 http fetch GET 200 https://registry.npmjs.org/is-array-buffer/-/is-array-buffer-3.0.5.tgz 2506ms (cache miss)
700 http fetch GET 200 https://registry.npmjs.org/has-tostringtag/-/has-tostringtag-1.0.2.tgz 2515ms (cache miss)
701 http fetch GET 200 https://registry.npmjs.org/is-bigint/-/is-bigint-1.1.0.tgz 2525ms (cache miss)
702 http fetch GET 200 https://registry.npmjs.org/imurmurhash/-/imurmurhash-0.1.4.tgz 2540ms (cache miss)
703 http fetch GET 200 https://registry.npmjs.org/ignore/-/ignore-5.3.2.tgz 2550ms (cache miss)
704 http fetch GET 200 https://registry.npmjs.org/hasown/-/hasown-2.0.2.tgz 2551ms (cache miss)
705 http fetch GET 200 https://registry.npmjs.org/is-arrayish/-/is-arrayish-0.3.2.tgz 2555ms (cache miss)
706 http fetch GET 200 https://registry.npmjs.org/has-flag/-/has-flag-4.0.0.tgz 2560ms (cache miss)
707 http fetch GET 200 https://registry.npmjs.org/has-proto/-/has-proto-1.2.0.tgz 2561ms (cache miss)
708 http fetch GET 200 https://registry.npmjs.org/has-property-descriptors/-/has-property-descriptors-1.0.2.tgz 2561ms (cache miss)
709 http fetch GET 200 https://registry.npmjs.org/jiti/-/jiti-2.4.2.tgz 2593ms (cache miss)
710 http fetch GET 200 https://registry.npmjs.org/has-symbols/-/has-symbols-1.1.0.tgz 2576ms (cache miss)
711 http fetch GET 200 https://registry.npmjs.org/has-bigints/-/has-bigints-1.1.0.tgz 2575ms (cache miss)
712 http fetch GET 200 https://registry.npmjs.org/internal-slot/-/internal-slot-1.1.0.tgz 2594ms (cache miss)
713 http fetch GET 200 https://registry.npmjs.org/get-symbol-description/-/get-symbol-description-1.1.0.tgz 2600ms (cache miss)
714 http fetch GET 200 https://registry.npmjs.org/glob-parent/-/glob-parent-6.0.2.tgz 2607ms (cache miss)
715 http fetch GET 200 https://registry.npmjs.org/import-fresh/-/import-fresh-3.3.1.tgz 2610ms (cache miss)
716 http fetch GET 200 https://registry.npmjs.org/side-channel-list/-/side-channel-list-1.0.0.tgz 2732ms (cache miss)
717 http fetch GET 200 https://registry.npmjs.org/isexe/-/isexe-2.0.0.tgz 2609ms (cache miss)
718 http fetch GET 200 https://registry.npmjs.org/json-stable-stringify-without-jsonify/-/json-stable-stringify-without-jsonify-1.0.1.tgz 2649ms (cache miss)
719 http fetch GET 200 https://registry.npmjs.org/get-proto/-/get-proto-1.0.1.tgz 2613ms (cache miss)
720 http fetch GET 200 https://registry.npmjs.org/is-core-module/-/is-core-module-2.16.1.tgz 2626ms (cache miss)
721 http fetch GET 200 https://registry.npmjs.org/gm/-/gm-1.25.1.tgz 2621ms (cache miss)
722 http fetch GET 200 https://registry.npmjs.org/functions-have-names/-/functions-have-names-1.2.3.tgz 2614ms (cache miss)
723 http fetch GET 200 https://registry.npmjs.org/globals/-/globals-14.0.0.tgz 2623ms (cache miss)
724 warn deprecated gm@1.25.1: The gm module has been sunset. Please migrate to an alternative. https://github.com/aheckmann/gm?tab=readme-ov-file#2025-02-24-this-project-is-not-maintained
725 http fetch GET 200 https://registry.npmjs.org/get-intrinsic/-/get-intrinsic-1.3.0.tgz 2625ms (cache miss)
726 http fetch GET 200 https://registry.npmjs.org/gopd/-/gopd-1.2.0.tgz 2671ms (cache miss)
727 http fetch GET 200 https://registry.npmjs.org/for-each/-/for-each-0.3.5.tgz 2660ms (cache miss)
728 http fetch GET 200 https://registry.npmjs.org/graphemer/-/graphemer-1.4.0.tgz 2676ms (cache miss)
729 http fetch GET 200 https://registry.npmjs.org/is-fullwidth-code-point/-/is-fullwidth-code-point-3.0.0.tgz 2663ms (cache miss)
730 http fetch GET 200 https://registry.npmjs.org/fraction.js/-/fraction.js-4.3.7.tgz 2665ms (cache miss)
731 http fetch GET 200 https://registry.npmjs.org/flatted/-/flatted-3.3.3.tgz 2673ms (cache miss)
732 http fetch GET 200 https://registry.npmjs.org/flat-cache/-/flat-cache-4.0.1.tgz 2673ms (cache miss)
733 http fetch GET 200 https://registry.npmjs.org/fsevents/-/fsevents-2.3.3.tgz 2676ms (cache miss)
734 http fetch GET 200 https://registry.npmjs.org/find-up/-/find-up-5.0.0.tgz 2709ms (cache miss)
735 http fetch GET 200 https://registry.npmjs.org/fast-deep-equal/-/fast-deep-equal-3.1.3.tgz 2705ms (cache miss)
736 http fetch GET 200 https://registry.npmjs.org/foreground-child/-/foreground-child-3.3.1.tgz 2715ms (cache miss)
737 http fetch GET 200 https://registry.npmjs.org/fastq/-/fastq-1.19.1.tgz 2723ms (cache miss)
738 http fetch GET 200 https://registry.npmjs.org/esrecurse/-/esrecurse-4.3.0.tgz 2735ms (cache miss)
739 http fetch GET 200 https://registry.npmjs.org/esutils/-/esutils-2.0.3.tgz 2755ms (cache miss)
740 http fetch GET 200 https://registry.npmjs.org/function-bind/-/function-bind-1.1.2.tgz 2772ms (cache miss)
741 http fetch GET 200 https://registry.npmjs.org/fast-levenshtein/-/fast-levenshtein-2.0.6.tgz 2767ms (cache miss)
742 http fetch GET 200 https://registry.npmjs.org/is-bun-module/-/is-bun-module-2.0.0.tgz 2796ms (cache miss)
743 http fetch GET 200 https://registry.npmjs.org/espree/-/espree-10.3.0.tgz 2809ms (cache miss)
744 http fetch GET 200 https://registry.npmjs.org/eslint-visitor-keys/-/eslint-visitor-keys-4.2.0.tgz 2815ms (cache miss)
745 http fetch GET 200 https://registry.npmjs.org/eslint-import-resolver-node/-/eslint-import-resolver-node-0.3.9.tgz 2820ms (cache miss)
746 http fetch GET 200 https://registry.npmjs.org/eslint-scope/-/eslint-scope-8.3.0.tgz 2824ms (cache miss)
747 http fetch GET 200 https://registry.npmjs.org/file-entry-cache/-/file-entry-cache-8.0.0.tgz 2843ms (cache miss)
748 http fetch GET 200 https://registry.npmjs.org/eslint-plugin-react-hooks/-/eslint-plugin-react-hooks-5.2.0.tgz 2838ms (cache miss)
749 http fetch GET 200 https://registry.npmjs.org/escape-string-regexp/-/escape-string-regexp-4.0.0.tgz 2841ms (cache miss)
750 http fetch GET 200 https://registry.npmjs.org/glob/-/glob-10.4.5.tgz 2871ms (cache miss)
751 http fetch GET 200 https://registry.npmjs.org/fast-glob/-/fast-glob-3.3.1.tgz 2870ms (cache miss)
752 http fetch GET 200 https://registry.npmjs.org/globalthis/-/globalthis-1.0.4.tgz 2972ms (cache miss)
753 http fetch GET 200 https://registry.npmjs.org/es-to-primitive/-/es-to-primitive-1.3.0.tgz 2968ms (cache miss)
754 http fetch GET 200 https://registry.npmjs.org/esquery/-/esquery-1.6.0.tgz 2993ms (cache miss)
755 http fetch GET 200 https://registry.npmjs.org/escalade/-/escalade-3.2.0.tgz 3017ms (cache miss)
756 http fetch GET 200 https://registry.npmjs.org/es-object-atoms/-/es-object-atoms-1.1.1.tgz 3016ms (cache miss)
757 http fetch GET 200 https://registry.npmjs.org/eslint-import-resolver-typescript/-/eslint-import-resolver-typescript-3.10.1.tgz 3059ms (cache miss)
758 http fetch GET 200 https://registry.npmjs.org/eslint-module-utils/-/eslint-module-utils-2.12.0.tgz 3087ms (cache miss)
759 http fetch GET 200 https://registry.npmjs.org/es-errors/-/es-errors-1.3.0.tgz 3080ms (cache miss)
760 http fetch GET 200 https://registry.npmjs.org/es-define-property/-/es-define-property-1.0.1.tgz 3096ms (cache miss)
761 http fetch GET 200 https://registry.npmjs.org/es-set-tostringtag/-/es-set-tostringtag-2.1.0.tgz 3099ms (cache miss)
762 http fetch GET 200 https://registry.npmjs.org/es-shim-unscopables/-/es-shim-unscopables-1.1.0.tgz 3100ms (cache miss)
763 http fetch GET 200 https://registry.npmjs.org/function.prototype.name/-/function.prototype.name-1.1.8.tgz 3101ms (cache miss)
764 http fetch GET 200 https://registry.npmjs.org/eslint-config-next/-/eslint-config-next-15.3.3.tgz 3129ms (cache miss)
765 http fetch GET 200 https://registry.npmjs.org/typescript/-/typescript-5.8.3.tgz 3333ms (cache miss)
766 http fetch GET 200 https://registry.npmjs.org/electron-to-chromium/-/electron-to-chromium-1.5.163.tgz 3127ms (cache miss)
767 http fetch GET 200 https://registry.npmjs.org/fast-json-stable-stringify/-/fast-json-stable-stringify-2.1.0.tgz 3145ms (cache miss)
768 http fetch GET 200 https://registry.npmjs.org/define-properties/-/define-properties-1.2.1.tgz 3150ms (cache miss)
769 http fetch GET 200 https://registry.npmjs.org/dunder-proto/-/dunder-proto-1.0.1.tgz 3154ms (cache miss)
770 http fetch GET 200 https://registry.npmjs.org/deep-is/-/deep-is-0.1.4.tgz 3159ms (cache miss)
771 http fetch GET 200 https://registry.npmjs.org/dlv/-/dlv-1.1.3.tgz 3160ms (cache miss)
772 http fetch GET 200 https://registry.npmjs.org/define-data-property/-/define-data-property-1.1.4.tgz 3160ms (cache miss)
773 http fetch GET 200 https://registry.npmjs.org/data-view-byte-offset/-/data-view-byte-offset-1.0.1.tgz 3159ms (cache miss)
774 http fetch GET 200 https://registry.npmjs.org/didyoumean/-/didyoumean-1.2.2.tgz 3178ms (cache miss)
775 http fetch GET 200 https://registry.npmjs.org/get-tsconfig/-/get-tsconfig-4.10.1.tgz 3185ms (cache miss)
776 http fetch GET 200 https://registry.npmjs.org/damerau-levenshtein/-/damerau-levenshtein-1.0.8.tgz 3214ms (cache miss)
777 http fetch GET 200 https://registry.npmjs.org/data-view-byte-length/-/data-view-byte-length-1.0.2.tgz 3220ms (cache miss)
778 http fetch GET 200 https://registry.npmjs.org/concat-map/-/concat-map-0.0.1.tgz 3225ms (cache miss)
779 http fetch GET 200 https://registry.npmjs.org/data-view-buffer/-/data-view-buffer-1.0.2.tgz 3229ms (cache miss)
780 http fetch GET 200 https://registry.npmjs.org/cssesc/-/cssesc-3.0.0.tgz 3229ms (cache miss)
781 http fetch GET 200 https://registry.npmjs.org/cross-spawn/-/cross-spawn-7.0.6.tgz 3241ms (cache miss)
782 http fetch GET 200 https://registry.npmjs.org/commander/-/commander-4.1.1.tgz 3251ms (cache miss)
783 http fetch GET 200 https://registry.npmjs.org/color-string/-/color-string-1.9.1.tgz 3253ms (cache miss)
784 http fetch GET 200 https://registry.npmjs.org/client-only/-/client-only-0.0.1.tgz 3254ms (cache miss)
785 http fetch GET 200 https://registry.npmjs.org/color-convert/-/color-convert-2.0.1.tgz 3291ms (cache miss)
786 http fetch GET 200 https://registry.npmjs.org/color/-/color-4.2.3.tgz 3300ms (cache miss)
787 http fetch GET 200 https://registry.npmjs.org/debug/-/debug-4.4.1.tgz 3307ms (cache miss)
788 http fetch GET 200 https://registry.npmjs.org/camelcase-css/-/camelcase-css-2.0.1.tgz 3395ms (cache miss)
789 http fetch GET 200 https://registry.npmjs.org/color-name/-/color-name-1.1.4.tgz 3402ms (cache miss)
790 http fetch GET 200 https://registry.npmjs.org/chalk/-/chalk-4.1.2.tgz 3402ms (cache miss)
791 http fetch GET 200 https://registry.npmjs.org/doctrine/-/doctrine-2.1.0.tgz 3406ms (cache miss)
792 http fetch GET 200 https://registry.npmjs.org/chokidar/-/chokidar-3.6.0.tgz 3420ms (cache miss)
793 http fetch GET 200 https://registry.npmjs.org/detect-libc/-/detect-libc-2.0.4.tgz 3474ms (cache miss)
794 http fetch GET 200 https://registry.npmjs.org/call-bound/-/call-bound-1.0.4.tgz 3466ms (cache miss)
795 http fetch GET 200 https://registry.npmjs.org/browserslist/-/browserslist-4.25.0.tgz 3465ms (cache miss)
796 http fetch GET 200 https://registry.npmjs.org/call-bind/-/call-bind-1.0.8.tgz 3466ms (cache miss)
797 http fetch GET 200 https://registry.npmjs.org/callsites/-/callsites-3.1.0.tgz 3468ms (cache miss)
798 http fetch GET 200 https://registry.npmjs.org/braces/-/braces-3.0.3.tgz 3481ms (cache miss)
799 http fetch GET 200 https://registry.npmjs.org/brace-expansion/-/brace-expansion-1.1.11.tgz 3487ms (cache miss)
800 http fetch GET 200 https://registry.npmjs.org/available-typed-arrays/-/available-typed-arrays-1.0.7.tgz 3491ms (cache miss)
801 http fetch GET 200 https://registry.npmjs.org/balanced-match/-/balanced-match-1.0.2.tgz 3491ms (cache miss)
802 http fetch GET 200 https://registry.npmjs.org/eastasianwidth/-/eastasianwidth-0.2.0.tgz 3512ms (cache miss)
803 http fetch GET 200 https://registry.npmjs.org/async-function/-/async-function-1.0.0.tgz 3503ms (cache miss)
804 http fetch GET 200 https://registry.npmjs.org/arraybuffer.prototype.slice/-/arraybuffer.prototype.slice-1.0.4.tgz 3514ms (cache miss)
805 http fetch GET 200 https://registry.npmjs.org/array.prototype.flatmap/-/array.prototype.flatmap-1.3.3.tgz 3515ms (cache miss)
806 http fetch GET 200 https://registry.npmjs.org/call-bind-apply-helpers/-/call-bind-apply-helpers-1.0.2.tgz 3520ms (cache miss)
807 http fetch GET 200 https://registry.npmjs.org/array-series/-/array-series-0.1.5.tgz 3516ms (cache miss)
808 http fetch GET 200 https://registry.npmjs.org/array.prototype.findlastindex/-/array.prototype.findlastindex-1.2.6.tgz 3521ms (cache miss)
809 http fetch GET 200 https://registry.npmjs.org/array-buffer-byte-length/-/array-buffer-byte-length-1.0.2.tgz 3523ms (cache miss)
810 http fetch GET 200 https://registry.npmjs.org/array.prototype.tosorted/-/array.prototype.tosorted-1.1.4.tgz 3541ms (cache miss)
811 http fetch GET 200 https://registry.npmjs.org/anymatch/-/anymatch-3.1.3.tgz 3545ms (cache miss)
812 http fetch GET 200 https://registry.npmjs.org/array.prototype.flat/-/array.prototype.flat-1.3.3.tgz 3703ms (cache miss)
813 http fetch GET 200 https://registry.npmjs.org/any-promise/-/any-promise-1.3.0.tgz 3695ms (cache miss)
814 http fetch GET 200 https://registry.npmjs.org/emoji-regex/-/emoji-regex-9.2.2.tgz 3768ms (cache miss)
815 http fetch GET 200 https://registry.npmjs.org/ansi-regex/-/ansi-regex-6.1.0.tgz 3758ms (cache miss)
816 http fetch GET 200 https://registry.npmjs.org/ansi-styles/-/ansi-styles-4.3.0.tgz 3768ms (cache miss)
817 http fetch GET 200 https://registry.npmjs.org/argparse/-/argparse-2.0.1.tgz 3789ms (cache miss)
818 http fetch GET 200 https://registry.npmjs.org/array-includes/-/array-includes-3.1.9.tgz 3799ms (cache miss)
819 http fetch GET 200 https://registry.npmjs.org/arg/-/arg-5.0.2.tgz 3792ms (cache miss)
820 http fetch GET 200 https://registry.npmjs.org/acorn-jsx/-/acorn-jsx-5.3.2.tgz 3789ms (cache miss)
821 http fetch GET 200 https://registry.npmjs.org/array-parallel/-/array-parallel-0.1.3.tgz 3808ms (cache miss)
822 http fetch GET 200 https://registry.npmjs.org/@typescript-eslint/visitor-keys/-/visitor-keys-8.33.1.tgz 3853ms (cache miss)
823 http fetch GET 200 https://registry.npmjs.org/eslint-plugin-import/-/eslint-plugin-import-2.31.0.tgz 3902ms (cache miss)
824 http fetch GET 200 https://registry.npmjs.org/array.prototype.findlast/-/array.prototype.findlast-1.2.5.tgz 3863ms (cache miss)
825 http fetch GET 200 https://registry.npmjs.org/busboy/-/busboy-1.6.0.tgz 3909ms (cache miss)
826 http fetch GET 200 https://registry.npmjs.org/@typescript-eslint/tsconfig-utils/-/tsconfig-utils-8.33.1.tgz 3892ms (cache miss)
827 http fetch GET 200 https://registry.npmjs.org/@typescript-eslint/project-service/-/project-service-8.33.1.tgz 3894ms (cache miss)
828 http fetch GET 200 https://registry.npmjs.org/@types/json-schema/-/json-schema-7.0.15.tgz 3893ms (cache miss)
829 http fetch GET 200 https://registry.npmjs.org/@types/estree/-/estree-1.0.7.tgz 3894ms (cache miss)
830 http fetch GET 200 https://registry.npmjs.org/@types/react-dom/-/react-dom-19.1.5.tgz 3899ms (cache miss)
831 http fetch GET 200 https://registry.npmjs.org/@types/json5/-/json5-0.0.29.tgz 3901ms (cache miss)
832 http fetch GET 200 https://registry.npmjs.org/@typescript-eslint/parser/-/parser-8.33.1.tgz 3911ms (cache miss)
833 http fetch GET 200 https://registry.npmjs.org/@swc/counter/-/counter-0.1.3.tgz 3906ms (cache miss)
834 http fetch GET 200 https://registry.npmjs.org/es-iterator-helpers/-/es-iterator-helpers-1.2.1.tgz 3948ms (cache miss)
835 http fetch GET 200 https://registry.npmjs.org/binary-extensions/-/binary-extensions-2.3.0.tgz 3902ms (cache miss)
836 http fetch GET 200 https://registry.npmjs.org/@rtsao/scc/-/scc-1.1.0.tgz 3913ms (cache miss)
837 http fetch GET 200 https://registry.npmjs.org/@nolyfill/is-core-module/-/is-core-module-1.0.39.tgz 3934ms (cache miss)
838 http fetch GET 200 https://registry.npmjs.org/@nodelib/fs.scandir/-/fs.scandir-2.1.5.tgz 3930ms (cache miss)
839 http fetch GET 200 https://registry.npmjs.org/@next/env/-/env-15.3.3.tgz 3948ms (cache miss)
840 http fetch GET 200 https://registry.npmjs.org/eslint-plugin-jsx-a11y/-/eslint-plugin-jsx-a11y-6.10.2.tgz 4011ms (cache miss)
841 http fetch GET 200 https://registry.npmjs.org/@jridgewell/set-array/-/set-array-1.2.1.tgz 3957ms (cache miss)
842 http fetch GET 200 https://registry.npmjs.org/@typescript-eslint/types/-/types-8.33.1.tgz 3993ms (cache miss)
843 http fetch GET 200 https://registry.npmjs.org/@pkgjs/parseargs/-/parseargs-0.11.0.tgz 3984ms (cache miss)
844 http fetch GET 200 https://registry.npmjs.org/csstype/-/csstype-3.1.3.tgz 4027ms (cache miss)
845 http fetch GET 200 https://registry.npmjs.org/@humanwhocodes/retry/-/retry-0.4.3.tgz 3986ms (cache miss)
846 http fetch GET 200 https://registry.npmjs.org/@jridgewell/resolve-uri/-/resolve-uri-3.1.2.tgz 3997ms (cache miss)
847 http fetch GET 200 https://registry.npmjs.org/@jridgewell/sourcemap-codec/-/sourcemap-codec-1.5.0.tgz 4015ms (cache miss)
848 http fetch GET 200 https://registry.npmjs.org/@studio-freight/lenis/-/lenis-1.0.42.tgz 4061ms (cache miss)
849 http fetch GET 200 https://registry.npmjs.org/@nodelib/fs.walk/-/fs.walk-1.2.8.tgz 4056ms (cache miss)
850 http fetch GET 200 https://registry.npmjs.org/@humanwhocodes/module-importer/-/module-importer-1.0.1.tgz 4048ms (cache miss)
851 http fetch GET 200 https://registry.npmjs.org/@jridgewell/gen-mapping/-/gen-mapping-0.3.8.tgz 4050ms (cache miss)
852 warn deprecated @studio-freight/lenis@1.0.42: The '@studio-freight/lenis' package has been renamed to 'lenis'. Please update your dependencies: npm install lenis and visit the documentation: https://www.npmjs.com/package/lenis
853 http fetch GET 200 https://registry.npmjs.org/@humanfs/node/-/node-0.16.6.tgz 4070ms (cache miss)
854 http fetch GET 200 https://registry.npmjs.org/acorn/-/acorn-8.14.1.tgz 4111ms (cache miss)
855 http fetch GET 200 https://registry.npmjs.org/@isaacs/cliui/-/cliui-8.0.2.tgz 4104ms (cache miss)
856 http fetch GET 200 https://registry.npmjs.org/@next/eslint-plugin-next/-/eslint-plugin-next-15.3.3.tgz 4115ms (cache miss)
857 http fetch GET 200 https://registry.npmjs.org/@img/sharp-darwin-arm64/-/sharp-darwin-arm64-0.34.2.tgz 4130ms (cache miss)
858 http fetch GET 200 https://registry.npmjs.org/@humanfs/core/-/core-0.19.1.tgz 4127ms (cache miss)
859 http fetch GET 200 https://registry.npmjs.org/@typescript-eslint/type-utils/-/type-utils-8.33.1.tgz 4214ms (cache miss)
860 http fetch GET 200 https://registry.npmjs.org/@nodelib/fs.stat/-/fs.stat-2.0.5.tgz 4233ms (cache miss)
861 http fetch GET 200 https://registry.npmjs.org/@eslint/plugin-kit/-/plugin-kit-0.3.1.tgz 4226ms (cache miss)
862 http fetch GET 200 https://registry.npmjs.org/@types/react/-/react-19.1.6.tgz 4311ms (cache miss)
863 http fetch GET 200 https://registry.npmjs.org/autoprefixer/-/autoprefixer-10.4.21.tgz 4333ms (cache miss)
864 http fetch GET 200 https://registry.npmjs.org/@fortawesome/fontawesome-common-types/-/fontawesome-common-types-6.7.2.tgz 4283ms (cache miss)
865 http fetch GET 200 https://registry.npmjs.org/@fortawesome/react-fontawesome/-/react-fontawesome-0.2.2.tgz 4308ms (cache miss)
866 http fetch GET 200 https://registry.npmjs.org/@eslint/core/-/core-0.14.0.tgz 4312ms (cache miss)
867 http fetch GET 200 https://registry.npmjs.org/@fortawesome/fontawesome-svg-core/-/fontawesome-svg-core-6.7.2.tgz 4324ms (cache miss)
868 http fetch GET 200 https://registry.npmjs.org/@tybys/wasm-util/-/wasm-util-0.9.0.tgz 4403ms (cache miss)
869 http fetch GET 200 https://registry.npmjs.org/axobject-query/-/axobject-query-4.1.0.tgz 4464ms (cache miss)
870 http fetch GET 200 https://registry.npmjs.org/@eslint/config-helpers/-/config-helpers-0.2.2.tgz 4424ms (cache miss)
871 http fetch GET 200 https://registry.npmjs.org/@rushstack/eslint-patch/-/eslint-patch-1.11.0.tgz 4516ms (cache miss)
872 http fetch GET 200 https://registry.npmjs.org/@jridgewell/trace-mapping/-/trace-mapping-0.3.25.tgz 4514ms (cache miss)
873 http fetch GET 200 https://registry.npmjs.org/@eslint-community/regexpp/-/regexpp-4.12.1.tgz 4548ms (cache miss)
874 http fetch GET 200 https://registry.npmjs.org/@eslint-community/eslint-utils/-/eslint-utils-4.7.0.tgz 4556ms (cache miss)
875 http fetch GET 200 https://registry.npmjs.org/@typescript-eslint/typescript-estree/-/typescript-estree-8.33.1.tgz 4619ms (cache miss)
876 http fetch GET 200 https://registry.npmjs.org/aria-query/-/aria-query-5.3.2.tgz 4670ms (cache miss)
877 http fetch GET 200 https://registry.npmjs.org/@eslint/js/-/js-9.28.0.tgz 4656ms (cache miss)
878 http fetch GET 200 https://registry.npmjs.org/@unrs/resolver-binding-darwin-arm64/-/resolver-binding-darwin-arm64-1.7.9.tgz 4706ms (cache miss)
879 http fetch GET 200 https://registry.npmjs.org/ajv/-/ajv-6.12.6.tgz 4716ms (cache miss)
880 http fetch GET 200 https://registry.npmjs.org/estraverse/-/estraverse-5.3.0.tgz 4675ms (cache miss)
881 http fetch GET 200 https://registry.npmjs.org/string-width/-/string-width-4.2.3.tgz 4681ms (cache miss)
882 http fetch GET 200 https://registry.npmjs.org/@typescript-eslint/utils/-/utils-8.33.1.tgz 4737ms (cache miss)
883 http fetch GET 200 https://registry.npmjs.org/@eslint/eslintrc/-/eslintrc-3.3.1.tgz 4701ms (cache miss)
884 http fetch GET 200 https://registry.npmjs.org/strip-ansi/-/strip-ansi-6.0.1.tgz 4698ms (cache miss)
885 http fetch GET 200 https://registry.npmjs.org/emoji-regex/-/emoji-regex-8.0.0.tgz 4712ms (cache miss)
886 http fetch GET 200 https://registry.npmjs.org/@alloc/quick-lru/-/quick-lru-5.2.0.tgz 4725ms (cache miss)
887 http fetch GET 200 https://registry.npmjs.org/postcss-load-config/-/postcss-load-config-4.0.2.tgz 4725ms (cache miss)
888 http fetch GET 200 https://registry.npmjs.org/ansi-styles/-/ansi-styles-6.2.1.tgz 4729ms (cache miss)
889 http fetch GET 200 https://registry.npmjs.org/ansi-regex/-/ansi-regex-5.0.1.tgz 4729ms (cache miss)
890 http fetch GET 200 https://registry.npmjs.org/strip-ansi/-/strip-ansi-6.0.1.tgz 4741ms (cache miss)
891 http fetch GET 200 https://registry.npmjs.org/ansi-regex/-/ansi-regex-5.0.1.tgz 4744ms (cache miss)
892 http fetch GET 200 https://registry.npmjs.org/@emnapi/wasi-threads/-/wasi-threads-1.0.2.tgz 4751ms (cache miss)
893 http fetch GET 200 https://registry.npmjs.org/glob-parent/-/glob-parent-5.1.2.tgz 4749ms (cache miss)
894 http fetch GET 200 https://registry.npmjs.org/debug/-/debug-3.2.7.tgz 4770ms (cache miss)
895 http fetch GET 200 https://registry.npmjs.org/@emnapi/runtime/-/runtime-1.4.3.tgz 4781ms (cache miss)
896 http fetch GET 200 https://registry.npmjs.org/@eslint/config-array/-/config-array-0.20.0.tgz 4793ms (cache miss)
897 http fetch GET 200 https://registry.npmjs.org/glob-parent/-/glob-parent-5.1.2.tgz 4791ms (cache miss)
898 http fetch GET 200 https://registry.npmjs.org/brace-expansion/-/brace-expansion-2.0.1.tgz 4793ms (cache miss)
899 http fetch GET 200 https://registry.npmjs.org/fill-range/-/fill-range-7.1.1.tgz 4787ms (cache miss)
900 http fetch GET 200 https://registry.npmjs.org/axe-core/-/axe-core-4.10.3.tgz 4870ms (cache miss)
901 http fetch GET 200 https://registry.npmjs.org/@eslint/object-schema/-/object-schema-2.1.6.tgz 4812ms (cache miss)
902 http fetch GET 200 https://registry.npmjs.org/ansi-regex/-/ansi-regex-5.0.1.tgz 4803ms (cache miss)
903 http fetch GET 200 https://registry.npmjs.org/ast-types-flow/-/ast-types-flow-0.0.8.tgz 4830ms (cache miss)
904 http fetch GET 200 https://registry.npmjs.org/semver/-/semver-6.3.1.tgz 4838ms (cache miss)
905 http fetch GET 200 https://registry.npmjs.org/eslint-plugin-react/-/eslint-plugin-react-7.37.5.tgz 5014ms (cache miss)
906 http fetch GET 200 https://registry.npmjs.org/glob-parent/-/glob-parent-5.1.2.tgz 4986ms (cache miss)
907 http fetch GET 200 https://registry.npmjs.org/debug/-/debug-3.2.7.tgz 5005ms (cache miss)
908 http fetch GET 200 https://registry.npmjs.org/debug/-/debug-3.2.7.tgz 5012ms (cache miss)
909 http fetch GET 200 https://registry.npmjs.org/brace-expansion/-/brace-expansion-2.0.1.tgz 5020ms (cache miss)
910 http fetch GET 200 https://registry.npmjs.org/ignore/-/ignore-7.0.5.tgz 5026ms (cache miss)
911 http fetch GET 200 https://registry.npmjs.org/debug/-/debug-3.2.7.tgz 5059ms (cache miss)
912 http fetch GET 200 https://registry.npmjs.org/glob-parent/-/glob-parent-5.1.2.tgz 5063ms (cache miss)
913 http fetch GET 200 https://registry.npmjs.org/semver/-/semver-6.3.1.tgz 5046ms (cache miss)
914 http fetch GET 200 https://registry.npmjs.org/@humanwhocodes/retry/-/retry-0.3.1.tgz 5075ms (cache miss)
915 http fetch GET 200 https://registry.npmjs.org/@eslint%2fplugin-kit 4419ms (cache miss)
916 silly packumentCache corgi:https://registry.npmjs.org/@eslint%2fplugin-kit set size:undefined disposed:false
917 http fetch GET 200 https://registry.npmjs.org/brace-expansion 4438ms (cache miss)
918 silly packumentCache corgi:https://registry.npmjs.org/brace-expansion set size:undefined disposed:false
919 http fetch GET 200 https://registry.npmjs.org/eslint-visitor-keys/-/eslint-visitor-keys-3.4.3.tgz 5121ms (cache miss)
920 http fetch GET 200 https://registry.npmjs.org/picomatch/-/picomatch-4.0.2.tgz 5157ms (cache miss)
921 http fetch GET 200 https://registry.npmjs.org/fast-glob/-/fast-glob-3.3.3.tgz 5168ms (cache miss)
922 http fetch GET 200 https://registry.npmjs.org/emoji-regex/-/emoji-regex-8.0.0.tgz 5168ms (cache miss)
923 http fetch GET 200 https://registry.npmjs.org/@types/node/-/node-20.17.57.tgz 5223ms (cache miss)
924 http fetch GET 200 https://registry.npmjs.org/postcss/-/postcss-8.4.31.tgz 5193ms (cache miss)
925 http fetch GET 200 https://registry.npmjs.org/fdir/-/fdir-6.4.5.tgz 5230ms (cache miss)
926 http fetch GET 200 https://registry.npmjs.org/minimatch/-/minimatch-9.0.5.tgz 5264ms (cache miss)
927 http fetch GET 200 https://registry.npmjs.org/@emnapi/core/-/core-1.4.3.tgz 5449ms (cache miss)
928 http fetch GET 200 https://registry.npmjs.org/minimatch/-/minimatch-9.0.5.tgz 5786ms (cache miss)
929 http fetch GET 200 https://registry.npmjs.org/fast-glob/-/fast-glob-3.3.3.tgz 5786ms (cache miss)
930 http fetch GET 200 https://registry.npmjs.org/framer-motion/-/framer-motion-12.16.0.tgz 5969ms (cache miss)
931 http fetch GET 200 https://registry.npmjs.org/jiti/-/jiti-1.21.7.tgz 5957ms (cache miss)
932 http fetch GET 200 https://registry.npmjs.org/gsap/-/gsap-3.13.0.tgz 6418ms (cache miss)
933 http fetch GET 200 https://registry.npmjs.org/resolve/-/resolve-2.0.0-next.5.tgz 6314ms (cache miss)
934 http fetch GET 200 https://registry.npmjs.org/@typescript-eslint/scope-manager/-/scope-manager-8.33.1.tgz 6712ms (cache miss)
935 http fetch GET 200 https://registry.npmjs.org/@napi-rs/wasm-runtime/-/wasm-runtime-0.2.10.tgz 6731ms (cache miss)
936 http fetch GET 200 https://registry.npmjs.org/eslint/-/eslint-9.28.0.tgz 6799ms (cache miss)
937 http fetch GET 200 https://registry.npmjs.org/@fortawesome/free-regular-svg-icons/-/free-regular-svg-icons-6.7.2.tgz 6865ms (cache miss)
938 http fetch GET 200 https://registry.npmjs.org/@swc/helpers/-/helpers-0.5.15.tgz 7138ms (cache miss)
939 http fetch GET 200 https://registry.npmjs.org/@typescript-eslint/eslint-plugin/-/eslint-plugin-8.33.1.tgz 7449ms (cache miss)
940 http fetch GET 200 https://registry.npmjs.org/caniuse-lite/-/caniuse-lite-1.0.30001720.tgz 7692ms (cache miss)
941 http fetch GET 200 https://registry.npmjs.org/@fortawesome/free-brands-svg-icons/-/free-brands-svg-icons-6.7.2.tgz 7927ms (cache miss)
942 http fetch GET 200 https://registry.npmjs.org/next 7435ms (cache miss)
943 silly packumentCache corgi:https://registry.npmjs.org/next set size:undefined disposed:false
944 silly packumentCache corgi:https://registry.npmjs.org/eslint cache-miss
945 http fetch GET 200 https://registry.npmjs.org/eslint 213ms (cache miss)
946 silly packumentCache corgi:https://registry.npmjs.org/eslint set size:undefined disposed:false
947 silly packumentCache corgi:https://registry.npmjs.org/minimatch cache-miss
948 http fetch GET 200 https://registry.npmjs.org/minimatch 108ms (cache miss)
949 silly packumentCache corgi:https://registry.npmjs.org/minimatch set size:undefined disposed:false
950 http fetch GET 200 https://registry.npmjs.org/es-abstract/-/es-abstract-1.24.0.tgz 9824ms (cache miss)
951 http fetch GET 200 https://registry.npmjs.org/@img/sharp-libvips-darwin-arm64/-/sharp-libvips-darwin-arm64-1.1.0.tgz 11025ms (cache miss)
952 http fetch GET 200 https://registry.npmjs.org/@fortawesome/free-solid-svg-icons/-/free-solid-svg-icons-6.7.2.tgz 11114ms (cache miss)
953 http fetch GET 200 https://registry.npmjs.org/pdf-poppler/-/pdf-poppler-0.2.1.tgz 12186ms (cache miss)
954 http fetch GET 200 https://registry.npmjs.org/@next/swc-darwin-arm64/-/swc-darwin-arm64-15.3.3.tgz 13780ms (cache miss)
955 http fetch GET 200 https://registry.npmjs.org/next/-/next-15.3.3.tgz 17526ms (cache miss)
956 info run sharp@0.34.2 install node_modules/sharp node install/check
957 info run sharp@0.34.2 install { code: 0, signal: null }
958 info run unrs-resolver@1.7.9 postinstall node_modules/unrs-resolver napi-postinstall unrs-resolver 1.7.9 check
959 info run unrs-resolver@1.7.9 postinstall { code: 0, signal: null }
960 silly ADD node_modules/yocto-queue
961 silly ADD node_modules/yaml
962 silly ADD node_modules/wrap-ansi-cjs
963 silly ADD node_modules/wrap-ansi-cjs/node_modules/strip-ansi
964 silly ADD node_modules/wrap-ansi-cjs/node_modules/string-width
965 silly ADD node_modules/wrap-ansi-cjs/node_modules/emoji-regex
966 silly ADD node_modules/wrap-ansi-cjs/node_modules/ansi-regex
967 silly ADD node_modules/wrap-ansi
968 silly ADD node_modules/wrap-ansi/node_modules/ansi-styles
969 silly ADD node_modules/word-wrap
970 silly ADD node_modules/which-typed-array
971 silly ADD node_modules/which-collection
972 silly ADD node_modules/which-builtin-type
973 silly ADD node_modules/which-boxed-primitive
974 silly ADD node_modules/which
975 silly ADD node_modules/util-deprecate
976 silly ADD node_modules/uri-js
977 silly ADD node_modules/update-browserslist-db
978 silly ADD node_modules/unrs-resolver
979 silly ADD node_modules/undici-types
980 silly ADD node_modules/unbox-primitive
981 silly ADD node_modules/typescript
982 silly ADD node_modules/typed-array-length
983 silly ADD node_modules/typed-array-byte-offset
984 silly ADD node_modules/typed-array-byte-length
985 silly ADD node_modules/typed-array-buffer
986 silly ADD node_modules/type-check
987 silly ADD node_modules/tslib
988 silly ADD node_modules/tsconfig-paths
989 silly ADD node_modules/ts-interface-checker
990 silly ADD node_modules/ts-api-utils
991 silly ADD node_modules/to-regex-range
992 silly ADD node_modules/tinyglobby
993 silly ADD node_modules/tinyglobby/node_modules/picomatch
994 silly ADD node_modules/tinyglobby/node_modules/fdir
995 silly ADD node_modules/thenify-all
996 silly ADD node_modules/thenify
997 silly ADD node_modules/tailwindcss
998 silly ADD node_modules/tailwindcss/node_modules/postcss-load-config
999 silly ADD node_modules/tailwindcss/node_modules/jiti
1000 silly ADD node_modules/tailwindcss/node_modules/fast-glob
1001 silly ADD node_modules/tailwindcss/node_modules/fast-glob/node_modules/glob-parent
1002 silly ADD node_modules/supports-preserve-symlinks-flag
1003 silly ADD node_modules/supports-color
1004 silly ADD node_modules/sucrase
1005 silly ADD node_modules/styled-jsx
1006 silly ADD node_modules/strip-json-comments
1007 silly ADD node_modules/strip-bom
1008 silly ADD node_modules/strip-ansi-cjs
1009 silly ADD node_modules/strip-ansi-cjs/node_modules/ansi-regex
1010 silly ADD node_modules/strip-ansi
1011 silly ADD node_modules/string.prototype.trimstart
1012 silly ADD node_modules/string.prototype.trimend
1013 silly ADD node_modules/string.prototype.trim
1014 silly ADD node_modules/string.prototype.repeat
1015 silly ADD node_modules/string.prototype.matchall
1016 silly ADD node_modules/string.prototype.includes
1017 silly ADD node_modules/string-width-cjs
1018 silly ADD node_modules/string-width-cjs/node_modules/strip-ansi
1019 silly ADD node_modules/string-width-cjs/node_modules/emoji-regex
1020 silly ADD node_modules/string-width-cjs/node_modules/ansi-regex
1021 silly ADD node_modules/string-width
1022 silly ADD node_modules/streamsearch
1023 silly ADD node_modules/stop-iteration-iterator
1024 silly ADD node_modules/stable-hash
1025 silly ADD node_modules/source-map-js
1026 silly ADD node_modules/simple-swizzle
1027 silly ADD node_modules/signal-exit
1028 silly ADD node_modules/side-channel-weakmap
1029 silly ADD node_modules/side-channel-map
1030 silly ADD node_modules/side-channel-list
1031 silly ADD node_modules/side-channel
1032 silly ADD node_modules/shebang-regex
1033 silly ADD node_modules/shebang-command
1034 silly ADD node_modules/sharp
1035 silly ADD node_modules/set-proto
1036 silly ADD node_modules/set-function-name
1037 silly ADD node_modules/set-function-length
1038 silly ADD node_modules/semver
1039 silly ADD node_modules/scheduler
1040 silly ADD node_modules/safe-regex-test
1041 silly ADD node_modules/safe-push-apply
1042 silly ADD node_modules/safe-array-concat
1043 silly ADD node_modules/run-parallel
1044 silly ADD node_modules/reusify
1045 silly ADD node_modules/resolve-pkg-maps
1046 silly ADD node_modules/resolve-from
1047 silly ADD node_modules/resolve
1048 silly ADD node_modules/regexp.prototype.flags
1049 silly ADD node_modules/reflect.getprototypeof
1050 silly ADD node_modules/readdirp
1051 silly ADD node_modules/read-cache
1052 silly ADD node_modules/react-is
1053 silly ADD node_modules/react-dom
1054 silly ADD node_modules/react
1055 silly ADD node_modules/queue-microtask
1056 silly ADD node_modules/punycode
1057 silly ADD node_modules/prop-types
1058 silly ADD node_modules/prelude-ls
1059 silly ADD node_modules/postcss-value-parser
1060 silly ADD node_modules/postcss-selector-parser
1061 silly ADD node_modules/postcss-nested
1062 silly ADD node_modules/postcss-js
1063 silly ADD node_modules/postcss-import
1064 silly ADD node_modules/postcss
1065 silly ADD node_modules/possible-typed-array-names
1066 silly ADD node_modules/pirates
1067 silly ADD node_modules/pify
1068 silly ADD node_modules/picomatch
1069 silly ADD node_modules/picocolors
1070 silly ADD node_modules/pdf2pic
1071 silly ADD node_modules/pdf-poppler
1072 silly ADD node_modules/path-scurry
1073 silly ADD node_modules/path-parse
1074 silly ADD node_modules/path-key
1075 silly ADD node_modules/path-exists
1076 silly ADD node_modules/parent-module
1077 silly ADD node_modules/package-json-from-dist
1078 silly ADD node_modules/p-locate
1079 silly ADD node_modules/p-limit
1080 silly ADD node_modules/own-keys
1081 silly ADD node_modules/optionator
1082 silly ADD node_modules/object.values
1083 silly ADD node_modules/object.groupby
1084 silly ADD node_modules/object.fromentries
1085 silly ADD node_modules/object.entries
1086 silly ADD node_modules/object.assign
1087 silly ADD node_modules/object-keys
1088 silly ADD node_modules/object-inspect
1089 silly ADD node_modules/object-hash
1090 silly ADD node_modules/object-assign
1091 silly ADD node_modules/normalize-range
1092 silly ADD node_modules/normalize-path
1093 silly ADD node_modules/node-releases
1094 silly ADD node_modules/next
1095 silly ADD node_modules/next/node_modules/postcss
1096 silly ADD node_modules/natural-compare
1097 silly ADD node_modules/napi-postinstall
1098 silly ADD node_modules/nanoid
1099 silly ADD node_modules/mz
1100 silly ADD node_modules/ms
1101 silly ADD node_modules/motion-utils
1102 silly ADD node_modules/motion-dom
1103 silly ADD node_modules/minipass
1104 silly ADD node_modules/minimist
1105 silly ADD node_modules/minimatch
1106 silly ADD node_modules/micromatch
1107 silly ADD node_modules/merge2
1108 silly ADD node_modules/math-intrinsics
1109 silly ADD node_modules/lru-cache
1110 silly ADD node_modules/loose-envify
1111 silly ADD node_modules/lodash.merge
1112 silly ADD node_modules/locate-path
1113 silly ADD node_modules/lines-and-columns
1114 silly ADD node_modules/lilconfig
1115 silly ADD node_modules/levn
1116 silly ADD node_modules/language-tags
1117 silly ADD node_modules/language-subtag-registry
1118 silly ADD node_modules/keyv
1119 silly ADD node_modules/jsx-ast-utils
1120 silly ADD node_modules/json5
1121 silly ADD node_modules/json-stable-stringify-without-jsonify
1122 silly ADD node_modules/json-schema-traverse
1123 silly ADD node_modules/json-buffer
1124 silly ADD node_modules/js-yaml
1125 silly ADD node_modules/js-tokens
1126 silly ADD node_modules/jiti
1127 silly ADD node_modules/jackspeak
1128 silly ADD node_modules/iterator.prototype
1129 silly ADD node_modules/isexe
1130 silly ADD node_modules/isarray
1131 silly ADD node_modules/is-weakset
1132 silly ADD node_modules/is-weakref
1133 silly ADD node_modules/is-weakmap
1134 silly ADD node_modules/is-typed-array
1135 silly ADD node_modules/is-symbol
1136 silly ADD node_modules/is-string
1137 silly ADD node_modules/is-shared-array-buffer
1138 silly ADD node_modules/is-set
1139 silly ADD node_modules/is-regex
1140 silly ADD node_modules/is-number-object
1141 silly ADD node_modules/is-number
1142 silly ADD node_modules/is-negative-zero
1143 silly ADD node_modules/is-map
1144 silly ADD node_modules/is-glob
1145 silly ADD node_modules/is-generator-function
1146 silly ADD node_modules/is-fullwidth-code-point
1147 silly ADD node_modules/is-finalizationregistry
1148 silly ADD node_modules/is-extglob
1149 silly ADD node_modules/is-date-object
1150 silly ADD node_modules/is-data-view
1151 silly ADD node_modules/is-core-module
1152 silly ADD node_modules/is-callable
1153 silly ADD node_modules/is-bun-module
1154 silly ADD node_modules/is-boolean-object
1155 silly ADD node_modules/is-binary-path
1156 silly ADD node_modules/is-bigint
1157 silly ADD node_modules/is-async-function
1158 silly ADD node_modules/is-arrayish
1159 silly ADD node_modules/is-array-buffer
1160 silly ADD node_modules/internal-slot
1161 silly ADD node_modules/imurmurhash
1162 silly ADD node_modules/import-fresh
1163 silly ADD node_modules/ignore
1164 silly ADD node_modules/hasown
1165 silly ADD node_modules/has-tostringtag
1166 silly ADD node_modules/has-symbols
1167 silly ADD node_modules/has-proto
1168 silly ADD node_modules/has-property-descriptors
1169 silly ADD node_modules/has-flag
1170 silly ADD node_modules/has-bigints
1171 silly ADD node_modules/gsap
1172 silly ADD node_modules/graphemer
1173 silly ADD node_modules/gopd
1174 silly ADD node_modules/gm
1175 silly ADD node_modules/gm/node_modules/debug
1176 silly ADD node_modules/globalthis
1177 silly ADD node_modules/globals
1178 silly ADD node_modules/glob-parent
1179 silly ADD node_modules/glob
1180 silly ADD node_modules/glob/node_modules/minimatch
1181 silly ADD node_modules/glob/node_modules/brace-expansion
1182 silly ADD node_modules/get-tsconfig
1183 silly ADD node_modules/get-symbol-description
1184 silly ADD node_modules/get-proto
1185 silly ADD node_modules/get-intrinsic
1186 silly ADD node_modules/functions-have-names
1187 silly ADD node_modules/function.prototype.name
1188 silly ADD node_modules/function-bind
1189 silly ADD node_modules/fsevents
1190 silly ADD node_modules/framer-motion
1191 silly ADD node_modules/fraction.js
1192 silly ADD node_modules/foreground-child
1193 silly ADD node_modules/for-each
1194 silly ADD node_modules/flatted
1195 silly ADD node_modules/flat-cache
1196 silly ADD node_modules/find-up
1197 silly ADD node_modules/fill-range
1198 silly ADD node_modules/file-entry-cache
1199 silly ADD node_modules/fastq
1200 silly ADD node_modules/fast-levenshtein
1201 silly ADD node_modules/fast-json-stable-stringify
1202 silly ADD node_modules/fast-glob
1203 silly ADD node_modules/fast-glob/node_modules/glob-parent
1204 silly ADD node_modules/fast-deep-equal
1205 silly ADD node_modules/esutils
1206 silly ADD node_modules/estraverse
1207 silly ADD node_modules/esrecurse
1208 silly ADD node_modules/esquery
1209 silly ADD node_modules/espree
1210 silly ADD node_modules/eslint-visitor-keys
1211 silly ADD node_modules/eslint-scope
1212 silly ADD node_modules/eslint-plugin-react-hooks
1213 silly ADD node_modules/eslint-plugin-react
1214 silly ADD node_modules/eslint-plugin-react/node_modules/semver
1215 silly ADD node_modules/eslint-plugin-react/node_modules/resolve
1216 silly ADD node_modules/eslint-plugin-jsx-a11y
1217 silly ADD node_modules/eslint-plugin-import
1218 silly ADD node_modules/eslint-plugin-import/node_modules/semver
1219 silly ADD node_modules/eslint-plugin-import/node_modules/debug
1220 silly ADD node_modules/eslint-module-utils
1221 silly ADD node_modules/eslint-module-utils/node_modules/debug
1222 silly ADD node_modules/eslint-import-resolver-typescript
1223 silly ADD node_modules/eslint-import-resolver-node
1224 silly ADD node_modules/eslint-import-resolver-node/node_modules/debug
1225 silly ADD node_modules/eslint-config-next
1226 silly ADD node_modules/eslint
1227 silly ADD node_modules/escape-string-regexp
1228 silly ADD node_modules/escalade
1229 silly ADD node_modules/es-to-primitive
1230 silly ADD node_modules/es-shim-unscopables
1231 silly ADD node_modules/es-set-tostringtag
1232 silly ADD node_modules/es-object-atoms
1233 silly ADD node_modules/es-iterator-helpers
1234 silly ADD node_modules/es-errors
1235 silly ADD node_modules/es-define-property
1236 silly ADD node_modules/es-abstract
1237 silly ADD node_modules/emoji-regex
1238 silly ADD node_modules/electron-to-chromium
1239 silly ADD node_modules/eastasianwidth
1240 silly ADD node_modules/dunder-proto
1241 silly ADD node_modules/doctrine
1242 silly ADD node_modules/dlv
1243 silly ADD node_modules/didyoumean
1244 silly ADD node_modules/detect-libc
1245 silly ADD node_modules/define-properties
1246 silly ADD node_modules/define-data-property
1247 silly ADD node_modules/deep-is
1248 silly ADD node_modules/debug
1249 silly ADD node_modules/data-view-byte-offset
1250 silly ADD node_modules/data-view-byte-length
1251 silly ADD node_modules/data-view-buffer
1252 silly ADD node_modules/damerau-levenshtein
1253 silly ADD node_modules/csstype
1254 silly ADD node_modules/cssesc
1255 silly ADD node_modules/cross-spawn
1256 silly ADD node_modules/concat-map
1257 silly ADD node_modules/commander
1258 silly ADD node_modules/color-string
1259 silly ADD node_modules/color-name
1260 silly ADD node_modules/color-convert
1261 silly ADD node_modules/color
1262 silly ADD node_modules/client-only
1263 silly ADD node_modules/chokidar
1264 silly ADD node_modules/chokidar/node_modules/glob-parent
1265 silly ADD node_modules/chalk
1266 silly ADD node_modules/caniuse-lite
1267 silly ADD node_modules/camelcase-css
1268 silly ADD node_modules/callsites
1269 silly ADD node_modules/call-bound
1270 silly ADD node_modules/call-bind-apply-helpers
1271 silly ADD node_modules/call-bind
1272 silly ADD node_modules/busboy
1273 silly ADD node_modules/browserslist
1274 silly ADD node_modules/braces
1275 silly ADD node_modules/brace-expansion
1276 silly ADD node_modules/binary-extensions
1277 silly ADD node_modules/balanced-match
1278 silly ADD node_modules/axobject-query
1279 silly ADD node_modules/axe-core
1280 silly ADD node_modules/available-typed-arrays
1281 silly ADD node_modules/autoprefixer
1282 silly ADD node_modules/async-function
1283 silly ADD node_modules/ast-types-flow
1284 silly ADD node_modules/arraybuffer.prototype.slice
1285 silly ADD node_modules/array.prototype.tosorted
1286 silly ADD node_modules/array.prototype.flatmap
1287 silly ADD node_modules/array.prototype.flat
1288 silly ADD node_modules/array.prototype.findlastindex
1289 silly ADD node_modules/array.prototype.findlast
1290 silly ADD node_modules/array-series
1291 silly ADD node_modules/array-parallel
1292 silly ADD node_modules/array-includes
1293 silly ADD node_modules/array-buffer-byte-length
1294 silly ADD node_modules/aria-query
1295 silly ADD node_modules/argparse
1296 silly ADD node_modules/arg
1297 silly ADD node_modules/anymatch
1298 silly ADD node_modules/any-promise
1299 silly ADD node_modules/ansi-styles
1300 silly ADD node_modules/ansi-regex
1301 silly ADD node_modules/ajv
1302 silly ADD node_modules/acorn-jsx
1303 silly ADD node_modules/acorn
1304 silly ADD
1305 silly ADD
1306 silly ADD
1307 silly ADD
1308 silly ADD
1309 silly ADD
1310 silly ADD
1311 silly ADD
1312 silly ADD
1313 silly ADD
1314 silly ADD
1315 silly ADD
1316 silly ADD
1317 silly ADD
1318 silly ADD
1319 silly ADD
1320 silly ADD node_modules/@unrs/resolver-binding-darwin-arm64
1321 silly ADD node_modules/@typescript-eslint/visitor-keys
1322 silly ADD node_modules/@typescript-eslint/utils
1323 silly ADD node_modules/@typescript-eslint/typescript-estree
1324 silly ADD node_modules/@typescript-eslint/typescript-estree/node_modules/minimatch
1325 silly ADD node_modules/@typescript-eslint/typescript-estree/node_modules/glob-parent
1326 silly ADD node_modules/@typescript-eslint/typescript-estree/node_modules/fast-glob
1327 silly ADD node_modules/@typescript-eslint/typescript-estree/node_modules/brace-expansion
1328 silly ADD node_modules/@typescript-eslint/types
1329 silly ADD node_modules/@typescript-eslint/type-utils
1330 silly ADD node_modules/@typescript-eslint/tsconfig-utils
1331 silly ADD node_modules/@typescript-eslint/scope-manager
1332 silly ADD node_modules/@typescript-eslint/project-service
1333 silly ADD node_modules/@typescript-eslint/parser
1334 silly ADD node_modules/@typescript-eslint/eslint-plugin
1335 silly ADD node_modules/@typescript-eslint/eslint-plugin/node_modules/ignore
1336 silly ADD node_modules/@types/react-dom
1337 silly ADD node_modules/@types/react
1338 silly ADD node_modules/@types/node
1339 silly ADD node_modules/@types/json5
1340 silly ADD node_modules/@types/json-schema
1341 silly ADD node_modules/@types/estree
1342 silly ADD
1343 silly ADD node_modules/@swc/helpers
1344 silly ADD node_modules/@swc/counter
1345 silly ADD node_modules/@studio-freight/lenis
1346 silly ADD node_modules/@rushstack/eslint-patch
1347 silly ADD node_modules/@rtsao/scc
1348 silly ADD node_modules/@pkgjs/parseargs
1349 silly ADD node_modules/@nolyfill/is-core-module
1350 silly ADD node_modules/@nodelib/fs.walk
1351 silly ADD node_modules/@nodelib/fs.stat
1352 silly ADD node_modules/@nodelib/fs.scandir
1353 silly ADD
1354 silly ADD
1355 silly ADD
1356 silly ADD
1357 silly ADD
1358 silly ADD
1359 silly ADD
1360 silly ADD node_modules/@next/swc-darwin-arm64
1361 silly ADD node_modules/@next/eslint-plugin-next
1362 silly ADD node_modules/@next/env
1363 silly ADD
1364 silly ADD node_modules/@jridgewell/trace-mapping
1365 silly ADD node_modules/@jridgewell/sourcemap-codec
1366 silly ADD node_modules/@jridgewell/set-array
1367 silly ADD node_modules/@jridgewell/resolve-uri
1368 silly ADD node_modules/@jridgewell/gen-mapping
1369 silly ADD node_modules/@isaacs/cliui
1370 silly ADD
1371 silly ADD
1372 silly ADD
1373 silly ADD
1374 silly ADD
1375 silly ADD
1376 silly ADD
1377 silly ADD
1378 silly ADD
1379 silly ADD
1380 silly ADD
1381 silly ADD
1382 silly ADD
1383 silly ADD
1384 silly ADD
1385 silly ADD
1386 silly ADD
1387 silly ADD
1388 silly ADD node_modules/@img/sharp-libvips-darwin-arm64
1389 silly ADD
1390 silly ADD node_modules/@img/sharp-darwin-arm64
1391 silly ADD node_modules/@humanwhocodes/retry
1392 silly ADD node_modules/@humanwhocodes/module-importer
1393 silly ADD node_modules/@humanfs/node
1394 silly ADD node_modules/@humanfs/node/node_modules/@humanwhocodes/retry
1395 silly ADD node_modules/@humanfs/core
1396 silly ADD node_modules/@fortawesome/react-fontawesome
1397 silly ADD node_modules/@fortawesome/free-solid-svg-icons
1398 silly ADD node_modules/@fortawesome/free-regular-svg-icons
1399 silly ADD node_modules/@fortawesome/free-brands-svg-icons
1400 silly ADD node_modules/@fortawesome/fontawesome-svg-core
1401 silly ADD node_modules/@fortawesome/fontawesome-common-types
1402 silly ADD node_modules/@eslint/plugin-kit
1403 silly ADD node_modules/@eslint/object-schema
1404 silly ADD node_modules/@eslint/js
1405 silly ADD node_modules/@eslint/eslintrc
1406 silly ADD node_modules/@eslint/core
1407 silly ADD node_modules/@eslint/config-helpers
1408 silly ADD node_modules/@eslint/config-array
1409 silly ADD node_modules/@eslint-community/regexpp
1410 silly ADD node_modules/@eslint-community/eslint-utils
1411 silly ADD node_modules/@eslint-community/eslint-utils/node_modules/eslint-visitor-keys
1412 silly ADD
1413 silly ADD node_modules/@emnapi/runtime
1414 silly ADD
1415 silly ADD node_modules/@alloc/quick-lru
1416 verbose cwd /Users/stephanelkhoury/Documents/GitHub/stephanelkhoury
1417 verbose os Darwin 24.6.0
1418 verbose node v20.19.2
1419 verbose npm  v10.8.2
1420 notice
1420 notice New major version of npm available! 10.8.2 -> 11.6.2
1420 notice Changelog: https://github.com/npm/cli/releases/tag/v11.6.2
1420 notice To update run: npm install -g npm@11.6.2
1420 notice  { force: true, [Symbol(proc-log.meta)]: true }
1421 verbose exit 0
1422 info ok
