{"level":"info","message":"Chat server running on port 3001","service":"chat-server","timestamp":"2025-06-07 00:52:50"}
{"level":"info","message":"Environment: development","service":"chat-server","timestamp":"2025-06-07 00:52:50"}
{"level":"info","message":"Connected to MongoDB successfully","service":"chat-server","timestamp":"2025-06-07 00:52:50"}
{"level":"info","message":"GET /favicon.ico - ::1","service":"chat-server","timestamp":"2025-06-07 00:55:10"}
{"level":"info","message":"GET /manifest.json - ::1","service":"chat-server","timestamp":"2025-06-07 00:55:10"}
{"level":"info","message":"GET /favicon.ico - ::1","service":"chat-server","timestamp":"2025-06-07 00:55:10"}
{"level":"info","message":"Chat server running on port 3001","service":"chat-server","timestamp":"2025-06-07 00:55:33"}
{"level":"info","message":"Environment: development","service":"chat-server","timestamp":"2025-06-07 00:55:33"}
{"level":"info","message":"Connected to MongoDB successfully","service":"chat-server","timestamp":"2025-06-07 00:55:33"}
{"level":"info","message":"Chat server running on port 3001","service":"chat-server","timestamp":"2025-06-07 00:59:37"}
{"level":"info","message":"Environment: development","service":"chat-server","timestamp":"2025-06-07 00:59:37"}
{"level":"info","message":"Connected to MongoDB successfully","service":"chat-server","timestamp":"2025-06-07 00:59:37"}
{"level":"info","message":"Chat server running on port 3001","service":"chat-server","timestamp":"2025-06-07 01:28:16"}
{"level":"info","message":"Environment: development","service":"chat-server","timestamp":"2025-06-07 01:28:16"}
{"level":"info","message":"Connected to MongoDB successfully","service":"chat-server","timestamp":"2025-06-07 01:28:16"}
{"level":"info","message":"GET /favicon.ico - ::1","service":"chat-server","timestamp":"2025-06-07 01:29:08"}
{"level":"info","message":"GET /manifest.json - ::1","service":"chat-server","timestamp":"2025-06-07 01:29:08"}
{"level":"info","message":"HEAD /api/health - ::1","service":"chat-server","timestamp":"2025-06-07 01:31:18"}
{"level":"info","message":"HEAD /api/auth/register - ::1","service":"chat-server","timestamp":"2025-06-07 01:31:31"}
{"level":"info","message":"GET /health - ::1","service":"chat-server","timestamp":"2025-06-07 01:31:55"}
{"level":"info","message":"POST /api/auth/register - ::1","service":"chat-server","timestamp":"2025-06-07 01:32:03"}
{"level":"info","message":"New user registered: testuser (test@example.com)","service":"chat-server","timestamp":"2025-06-07 01:32:04"}
{"level":"info","message":"Chat server running on port 3001","service":"chat-server","timestamp":"2025-06-07 02:08:58"}
{"level":"info","message":"Environment: development","service":"chat-server","timestamp":"2025-06-07 02:08:58"}
{"level":"info","message":"Connected to MongoDB successfully","service":"chat-server","timestamp":"2025-06-07 02:08:58"}
{"level":"info","message":"POST /api/auth/login - ::1","service":"chat-server","timestamp":"2025-06-07 02:52:06"}
{"level":"info","message":"User logged in: testuser (test@example.com)","service":"chat-server","timestamp":"2025-06-07 02:52:06"}
{"level":"info","message":"GET /api/chat - ::1","service":"chat-server","timestamp":"2025-06-07 02:52:06"}
{"level":"info","message":"User connected: testuser (68436c633904e0ef0c1e4e82)","service":"chat-server","timestamp":"2025-06-07 02:52:06"}
{"level":"info","message":"User joined 0 chat rooms","service":"chat-server","timestamp":"2025-06-07 02:52:06"}
{"level":"info","message":"GET /api/chat - ::1","service":"chat-server","timestamp":"2025-06-07 02:52:06"}
{"level":"info","message":"User disconnected: testuser (client namespace disconnect)","service":"chat-server","timestamp":"2025-06-07 02:52:06"}
{"level":"info","message":"GET /manifest.json - ::1","service":"chat-server","timestamp":"2025-06-07 02:52:16"}
{"level":"info","message":"GET /api/chat - ::1","service":"chat-server","timestamp":"2025-06-07 02:53:06"}
{"level":"info","message":"GET /api/chat - ::1","service":"chat-server","timestamp":"2025-06-07 02:53:06"}
{"level":"info","message":"GET /api/auth/verify - ::1","service":"chat-server","timestamp":"2025-06-07 02:53:06"}
{"level":"info","message":"GET /api/auth/verify - ::1","service":"chat-server","timestamp":"2025-06-07 02:53:06"}
{"level":"info","message":"User connected: testuser (68436c633904e0ef0c1e4e82)","service":"chat-server","timestamp":"2025-06-07 02:53:06"}
{"level":"info","message":"User joined 0 chat rooms","service":"chat-server","timestamp":"2025-06-07 02:53:06"}
{"level":"info","message":"User connected: testuser (68436c633904e0ef0c1e4e82)","service":"chat-server","timestamp":"2025-06-07 02:53:06"}
{"level":"info","message":"User joined 0 chat rooms","service":"chat-server","timestamp":"2025-06-07 02:53:06"}
{"level":"info","message":"GET /api/chat - ::1","service":"chat-server","timestamp":"2025-06-07 02:53:27"}
{"level":"info","message":"GET /api/chat - ::1","service":"chat-server","timestamp":"2025-06-07 02:53:27"}
{"level":"info","message":"User disconnected: testuser (transport close)","service":"chat-server","timestamp":"2025-06-07 02:53:30"}
{"level":"info","message":"User disconnected: testuser (transport close)","service":"chat-server","timestamp":"2025-06-07 02:53:30"}
{"level":"info","message":"GET /favicon.ico - ::1","service":"chat-server","timestamp":"2025-06-07 02:53:30"}
{"level":"info","message":"GET /api/auth/verify - ::1","service":"chat-server","timestamp":"2025-06-07 02:53:30"}
{"level":"info","message":"GET /api/auth/verify - ::1","service":"chat-server","timestamp":"2025-06-07 02:53:30"}
{"level":"info","message":"GET /api/chat - ::1","service":"chat-server","timestamp":"2025-06-07 02:53:30"}
{"level":"info","message":"GET /api/chat - ::1","service":"chat-server","timestamp":"2025-06-07 02:53:30"}
{"level":"info","message":"User connected: testuser (68436c633904e0ef0c1e4e82)","service":"chat-server","timestamp":"2025-06-07 02:53:30"}
{"level":"info","message":"User connected: testuser (68436c633904e0ef0c1e4e82)","service":"chat-server","timestamp":"2025-06-07 02:53:30"}
{"level":"info","message":"User joined 0 chat rooms","service":"chat-server","timestamp":"2025-06-07 02:53:30"}
{"level":"info","message":"GET /manifest.json - ::1","service":"chat-server","timestamp":"2025-06-07 02:53:30"}
{"level":"info","message":"User joined 0 chat rooms","service":"chat-server","timestamp":"2025-06-07 02:53:30"}
{"level":"info","message":"GET /api/chat - ::1","service":"chat-server","timestamp":"2025-06-07 02:53:36"}
{"level":"info","message":"GET /api/chat - ::1","service":"chat-server","timestamp":"2025-06-07 02:53:36"}
{"level":"info","message":"User disconnected: testuser (transport close)","service":"chat-server","timestamp":"2025-06-07 02:54:05"}
{"level":"info","message":"User disconnected: testuser (transport close)","service":"chat-server","timestamp":"2025-06-07 02:54:05"}
{"level":"info","message":"GET /favicon.ico - ::1","service":"chat-server","timestamp":"2025-06-07 02:54:05"}
{"level":"info","message":"GET /api/auth/verify - ::1","service":"chat-server","timestamp":"2025-06-07 02:54:05"}
{"level":"info","message":"GET /api/auth/verify - ::1","service":"chat-server","timestamp":"2025-06-07 02:54:05"}
{"level":"info","message":"GET /api/chat - ::1","service":"chat-server","timestamp":"2025-06-07 02:54:05"}
{"level":"info","message":"User connected: testuser (68436c633904e0ef0c1e4e82)","service":"chat-server","timestamp":"2025-06-07 02:54:06"}
{"level":"info","message":"GET /manifest.json - ::1","service":"chat-server","timestamp":"2025-06-07 02:54:06"}
{"level":"info","message":"User connected: testuser (68436c633904e0ef0c1e4e82)","service":"chat-server","timestamp":"2025-06-07 02:54:06"}
{"level":"info","message":"User joined 0 chat rooms","service":"chat-server","timestamp":"2025-06-07 02:54:06"}
{"level":"info","message":"User joined 0 chat rooms","service":"chat-server","timestamp":"2025-06-07 02:54:06"}
{"level":"info","message":"GET /api/chat - ::1","service":"chat-server","timestamp":"2025-06-07 02:54:06"}
{"level":"info","message":"User disconnected: testuser (transport close)","service":"chat-server","timestamp":"2025-06-07 03:04:37"}
{"level":"info","message":"User disconnected: testuser (transport close)","service":"chat-server","timestamp":"2025-06-07 03:04:37"}
{"level":"info","message":"User connected: testuser (68436c633904e0ef0c1e4e82)","service":"chat-server","timestamp":"2025-06-07 03:04:38"}
{"level":"info","message":"User joined 0 chat rooms","service":"chat-server","timestamp":"2025-06-07 03:04:38"}
{"level":"info","message":"Chat server running on port 5050","service":"chat-server","timestamp":"2025-06-07 03:04:43"}
{"level":"info","message":"Environment: development","service":"chat-server","timestamp":"2025-06-07 03:04:43"}
{"level":"info","message":"Connected to MongoDB successfully","service":"chat-server","timestamp":"2025-06-07 03:04:43"}
{"level":"info","message":"GET /favicon.ico - ::1","service":"chat-server","timestamp":"2025-06-07 03:04:53"}
{"level":"info","message":"GET /favicon.ico - ::1","service":"chat-server","timestamp":"2025-06-07 03:04:53"}
{"level":"info","message":"GET /manifest.json - ::1","service":"chat-server","timestamp":"2025-06-07 03:04:53"}
{"level":"info","message":"GET /manifest.json - ::1","service":"chat-server","timestamp":"2025-06-07 03:04:53"}
{"level":"info","message":"GET /favicon.ico - ::1","service":"chat-server","timestamp":"2025-06-07 03:05:27"}
{"level":"info","message":"GET /manifest.json - ::1","service":"chat-server","timestamp":"2025-06-07 03:05:27"}
{"level":"info","message":"GET /favicon.ico - ::1","service":"chat-server","timestamp":"2025-06-07 03:05:30"}
{"level":"info","message":"GET /manifest.json - ::1","service":"chat-server","timestamp":"2025-06-07 03:05:30"}
{"level":"info","message":"Chat server running on port 5050","service":"chat-server","timestamp":"2025-06-07 03:10:04"}
{"level":"info","message":"Environment: development","service":"chat-server","timestamp":"2025-06-07 03:10:04"}
{"level":"info","message":"Connected to MongoDB successfully","service":"chat-server","timestamp":"2025-06-07 03:10:04"}
{"level":"info","message":"GET /favicon.ico - ::1","service":"chat-server","timestamp":"2025-06-07 03:10:11"}
{"level":"info","message":"GET /manifest.json - ::1","service":"chat-server","timestamp":"2025-06-07 03:10:11"}
{"level":"info","message":"GET /favicon.ico - ::1","service":"chat-server","timestamp":"2025-06-07 03:10:11"}
{"level":"info","message":"GET /manifest.json - ::1","service":"chat-server","timestamp":"2025-06-07 03:10:12"}
{"level":"info","message":"GET / - ::1","service":"chat-server","timestamp":"2025-06-07 03:10:19"}
{"level":"info","message":"GET /favicon.ico - ::1","service":"chat-server","timestamp":"2025-06-07 03:10:19"}
{"level":"info","message":"GET /favicon.ico - ::1","service":"chat-server","timestamp":"2025-06-07 03:10:41"}
{"level":"info","message":"GET /api/auth/verify - ::1","service":"chat-server","timestamp":"2025-06-07 03:10:41"}
{"level":"info","message":"GET /manifest.json - ::1","service":"chat-server","timestamp":"2025-06-07 03:10:41"}
{"level":"info","message":"GET /api/auth/verify - ::1","service":"chat-server","timestamp":"2025-06-07 03:10:41"}
{"level":"info","message":"GET /favicon.ico - ::1","service":"chat-server","timestamp":"2025-06-07 03:10:41"}
{"level":"info","message":"GET /api/auth/verify - ::1","service":"chat-server","timestamp":"2025-06-07 03:10:41"}
{"level":"info","message":"GET /api/chat - ::1","service":"chat-server","timestamp":"2025-06-07 03:10:41"}
{"level":"info","message":"GET /api/auth/verify - ::1","service":"chat-server","timestamp":"2025-06-07 03:10:41"}
{"level":"info","message":"GET /manifest.json - ::1","service":"chat-server","timestamp":"2025-06-07 03:10:41"}
{"level":"info","message":"User connected: testuser (68436c633904e0ef0c1e4e82)","service":"chat-server","timestamp":"2025-06-07 03:10:41"}
{"level":"info","message":"User joined 0 chat rooms","service":"chat-server","timestamp":"2025-06-07 03:10:41"}
{"level":"info","message":"User connected: testuser (68436c633904e0ef0c1e4e82)","service":"chat-server","timestamp":"2025-06-07 03:10:41"}
{"level":"info","message":"GET /api/chat - ::1","service":"chat-server","timestamp":"2025-06-07 03:10:41"}
{"level":"info","message":"User joined 0 chat rooms","service":"chat-server","timestamp":"2025-06-07 03:10:41"}
{"level":"info","message":"User connected: testuser (68436c633904e0ef0c1e4e82)","service":"chat-server","timestamp":"2025-06-07 03:10:41"}
{"level":"info","message":"User connected: testuser (68436c633904e0ef0c1e4e82)","service":"chat-server","timestamp":"2025-06-07 03:10:41"}
{"level":"info","message":"User joined 0 chat rooms","service":"chat-server","timestamp":"2025-06-07 03:10:41"}
{"level":"info","message":"User joined 0 chat rooms","service":"chat-server","timestamp":"2025-06-07 03:10:41"}
{"level":"info","message":"GET /api/chat - ::1","service":"chat-server","timestamp":"2025-06-07 03:10:41"}
{"level":"info","message":"GET /api/chat - ::1","service":"chat-server","timestamp":"2025-06-07 03:10:41"}
{"level":"info","message":"GET /health - ::1","service":"chat-server","timestamp":"2025-06-07 03:11:52"}
{"level":"info","message":"GET /api/auth/verify - ::1","service":"chat-server","timestamp":"2025-06-07 03:12:08"}
{"level":"info","message":"POST /api/auth/register - ::1","service":"chat-server","timestamp":"2025-06-07 03:12:14"}
{"level":"info","message":"GET /favicon.ico - ::1","service":"chat-server","timestamp":"2025-06-07 03:13:38"}
{"level":"info","message":"GET /favicon.ico - ::1","service":"chat-server","timestamp":"2025-06-07 03:13:38"}
{"level":"info","message":"GET /manifest.json - ::1","service":"chat-server","timestamp":"2025-06-07 03:13:38"}
{"level":"info","message":"GET /api/auth/verify - ::1","service":"chat-server","timestamp":"2025-06-07 03:14:03"}
{"level":"info","message":"POST /api/auth/login - ::1","service":"chat-server","timestamp":"2025-06-07 03:14:38"}
{"level":"info","message":"GET /login - ::1","service":"chat-server","timestamp":"2025-06-07 03:15:24"}
{"level":"info","message":"GET /login - ::1","service":"chat-server","timestamp":"2025-06-07 03:16:17"}
{"level":"info","message":"GET / - ::1","service":"chat-server","timestamp":"2025-06-07 03:16:48"}
{"level":"info","message":"GET /login - ::1","service":"chat-server","timestamp":"2025-06-07 03:16:51"}
{"level":"info","message":"GET /manifest.json - ::1","service":"chat-server","timestamp":"2025-06-07 03:18:00"}
{"level":"info","message":"GET /favicon.ico - ::1","service":"chat-server","timestamp":"2025-06-07 03:18:55"}
{"level":"info","message":"GET /api/auth/verify - ::1","service":"chat-server","timestamp":"2025-06-07 03:18:55"}
{"level":"info","message":"GET /api/auth/verify - ::1","service":"chat-server","timestamp":"2025-06-07 03:18:55"}
{"level":"info","message":"GET /api/chat - ::1","service":"chat-server","timestamp":"2025-06-07 03:18:55"}
{"level":"info","message":"GET /api/chat - ::1","service":"chat-server","timestamp":"2025-06-07 03:18:55"}
{"level":"info","message":"User connected: testuser (68436c633904e0ef0c1e4e82)","service":"chat-server","timestamp":"2025-06-07 03:18:55"}
{"level":"info","message":"User connected: testuser (68436c633904e0ef0c1e4e82)","service":"chat-server","timestamp":"2025-06-07 03:18:55"}
{"level":"info","message":"User joined 0 chat rooms","service":"chat-server","timestamp":"2025-06-07 03:18:55"}
{"level":"info","message":"GET /manifest.json - ::1","service":"chat-server","timestamp":"2025-06-07 03:18:55"}
{"level":"info","message":"User joined 0 chat rooms","service":"chat-server","timestamp":"2025-06-07 03:18:55"}
{"level":"info","message":"User disconnected: testuser (client namespace disconnect)","service":"chat-server","timestamp":"2025-06-07 03:18:58"}
{"level":"info","message":"POST /api/auth/login - ::1","service":"chat-server","timestamp":"2025-06-07 03:19:17"}
{"level":"info","message":"User disconnected: testuser (transport close)","service":"chat-server","timestamp":"2025-06-07 03:19:17"}
{"level":"info","message":"GET /favicon.ico - ::1","service":"chat-server","timestamp":"2025-06-07 03:19:17"}
{"level":"info","message":"GET /manifest.json - ::1","service":"chat-server","timestamp":"2025-06-07 03:19:18"}
{"level":"info","message":"POST /api/auth/login - ::1","service":"chat-server","timestamp":"2025-06-07 03:20:05"}
{"level":"info","message":"GET /favicon.ico - ::1","service":"chat-server","timestamp":"2025-06-07 03:20:05"}
{"level":"info","message":"GET /manifest.json - ::1","service":"chat-server","timestamp":"2025-06-07 03:20:05"}
{"level":"info","message":"Chat server running on port 5050","service":"chat-server","timestamp":"2025-06-07 03:20:38"}
{"level":"info","message":"Environment: development","service":"chat-server","timestamp":"2025-06-07 03:20:38"}
{"level":"info","message":"Connected to MongoDB successfully","service":"chat-server","timestamp":"2025-06-07 03:20:38"}
{"level":"info","message":"User connected: testuser (68436c633904e0ef0c1e4e82)","service":"chat-server","timestamp":"2025-06-07 03:20:39"}
{"level":"info","message":"User joined 0 chat rooms","service":"chat-server","timestamp":"2025-06-07 03:20:39"}
{"level":"info","message":"User connected: testuser (68436c633904e0ef0c1e4e82)","service":"chat-server","timestamp":"2025-06-07 03:20:41"}
{"level":"info","message":"User joined 0 chat rooms","service":"chat-server","timestamp":"2025-06-07 03:20:41"}
{"level":"info","message":"User disconnected: testuser (transport close)","service":"chat-server","timestamp":"2025-06-07 03:20:44"}
{"level":"info","message":"GET /favicon.ico - ::1","service":"chat-server","timestamp":"2025-06-07 03:20:44"}
{"level":"info","message":"GET /manifest.json - ::1","service":"chat-server","timestamp":"2025-06-07 03:20:44"}
{"level":"info","message":"GET /favicon.ico - ::1","service":"chat-server","timestamp":"2025-06-07 03:20:46"}
{"level":"info","message":"GET /manifest.json - ::1","service":"chat-server","timestamp":"2025-06-07 03:20:46"}
{"level":"info","message":"User disconnected: testuser (transport close)","service":"chat-server","timestamp":"2025-06-07 03:20:54"}
{"level":"info","message":"GET /main.d2bf0e93d6749bf0d43b.hot-update.json - ::1","service":"chat-server","timestamp":"2025-06-07 03:20:56"}
{"level":"info","message":"POST /api/auth/login - ::1","service":"chat-server","timestamp":"2025-06-07 03:21:14"}
{"level":"info","message":"GET /favicon.ico - ::1","service":"chat-server","timestamp":"2025-06-07 03:21:15"}
{"level":"info","message":"GET /manifest.json - ::1","service":"chat-server","timestamp":"2025-06-07 03:21:15"}
{"level":"info","message":"POST /api/auth/login - ::1","service":"chat-server","timestamp":"2025-06-07 03:29:12"}
{"level":"info","message":"GET /favicon.ico - ::1","service":"chat-server","timestamp":"2025-06-07 03:29:13"}
{"level":"info","message":"GET /manifest.json - ::1","service":"chat-server","timestamp":"2025-06-07 03:29:13"}
{"level":"info","message":"GET /manifest.json - ::1","service":"chat-server","timestamp":"2025-06-07 03:29:15"}
{"level":"info","message":"POST /api/auth/login - ::1","service":"chat-server","timestamp":"2025-06-07 03:29:38"}
{"level":"info","message":"GET /favicon.ico - ::1","service":"chat-server","timestamp":"2025-06-07 03:29:38"}
{"level":"info","message":"GET /manifest.json - ::1","service":"chat-server","timestamp":"2025-06-07 03:29:39"}
{"level":"info","message":"POST /api/auth/login - ::1","service":"chat-server","timestamp":"2025-06-07 03:30:45"}
{"level":"info","message":"POST /api/auth/register - ::1","service":"chat-server","timestamp":"2025-06-07 03:30:55"}
{"level":"info","message":"POST /api/auth/login - ::1","service":"chat-server","timestamp":"2025-06-07 03:31:01"}
{"level":"info","message":"POST /api/auth/register - ::1","service":"chat-server","timestamp":"2025-06-07 03:31:08"}
{"level":"info","message":"New user registered: demouser (demo@example.com)","service":"chat-server","timestamp":"2025-06-07 03:31:08"}
{"level":"info","message":"POST /api/auth/login - ::1","service":"chat-server","timestamp":"2025-06-07 03:31:15"}
{"level":"info","message":"User logged in: demouser (demo@example.com)","service":"chat-server","timestamp":"2025-06-07 03:31:16"}
{"level":"info","message":"POST /api/auth/login - ::1","service":"chat-server","timestamp":"2025-06-07 03:31:40"}
{"level":"info","message":"User logged in: demouser (demo@example.com)","service":"chat-server","timestamp":"2025-06-07 03:31:40"}
{"level":"info","message":"GET /api/chat - ::1","service":"chat-server","timestamp":"2025-06-07 03:31:40"}
{"level":"info","message":"User connected: demouser (6843884cf2b530bdfb4da568)","service":"chat-server","timestamp":"2025-06-07 03:31:40"}
{"level":"info","message":"GET /api/chat - ::1","service":"chat-server","timestamp":"2025-06-07 03:31:40"}
{"level":"info","message":"User joined 0 chat rooms","service":"chat-server","timestamp":"2025-06-07 03:31:40"}
{"level":"info","message":"PUT /api/user/profile - ::1","service":"chat-server","timestamp":"2025-06-07 03:32:01"}
{"level":"info","message":"POST /api/auth/register - ::1","service":"chat-server","timestamp":"2025-06-07 03:33:13"}
{"level":"info","message":"New user registered: alice (alice@example.com)","service":"chat-server","timestamp":"2025-06-07 03:33:13"}
{"level":"info","message":"POST /api/auth/register - ::1","service":"chat-server","timestamp":"2025-06-07 03:33:20"}
{"level":"info","message":"New user registered: bob (bob@example.com)","service":"chat-server","timestamp":"2025-06-07 03:33:20"}
{"level":"info","message":"POST /api/auth/login - ::1","service":"chat-server","timestamp":"2025-06-07 03:34:04"}
{"level":"info","message":"User logged in: alice (alice@example.com)","service":"chat-server","timestamp":"2025-06-07 03:34:04"}
{"level":"info","message":"GET /api/chat - ::1","service":"chat-server","timestamp":"2025-06-07 03:34:04"}
{"level":"info","message":"User connected: alice (684388c9f2b530bdfb4da579)","service":"chat-server","timestamp":"2025-06-07 03:34:04"}
{"level":"info","message":"User joined 0 chat rooms","service":"chat-server","timestamp":"2025-06-07 03:34:04"}
{"level":"info","message":"GET /api/chat - ::1","service":"chat-server","timestamp":"2025-06-07 03:34:04"}
{"level":"info","message":"GET /api/auth/verify - ::1","service":"chat-server","timestamp":"2025-06-07 03:34:12"}
{"level":"info","message":"GET /api/auth/verify - ::1","service":"chat-server","timestamp":"2025-06-07 03:34:12"}
{"level":"info","message":"GET /api/chat - ::1","service":"chat-server","timestamp":"2025-06-07 03:34:12"}
{"level":"info","message":"User connected: alice (684388c9f2b530bdfb4da579)","service":"chat-server","timestamp":"2025-06-07 03:34:12"}
{"level":"info","message":"User joined 0 chat rooms","service":"chat-server","timestamp":"2025-06-07 03:34:12"}
{"level":"info","message":"GET /api/chat - ::1","service":"chat-server","timestamp":"2025-06-07 03:34:12"}
{"level":"info","message":"User connected: alice (684388c9f2b530bdfb4da579)","service":"chat-server","timestamp":"2025-06-07 03:34:12"}
{"level":"info","message":"User joined 0 chat rooms","service":"chat-server","timestamp":"2025-06-07 03:34:12"}
{"level":"info","message":"User disconnected: alice (transport close)","service":"chat-server","timestamp":"2025-06-07 03:34:14"}
{"level":"info","message":"User disconnected: alice (transport close)","service":"chat-server","timestamp":"2025-06-07 03:34:14"}
{"level":"info","message":"User disconnected: demouser (transport close)","service":"chat-server","timestamp":"2025-06-07 03:34:42"}
{"level":"info","message":"GET /favicon.ico - ::1","service":"chat-server","timestamp":"2025-06-07 03:34:42"}
{"level":"info","message":"GET /api/auth/verify - ::1","service":"chat-server","timestamp":"2025-06-07 03:34:42"}
{"level":"info","message":"GET /api/auth/verify - ::1","service":"chat-server","timestamp":"2025-06-07 03:34:42"}
{"level":"info","message":"GET /api/chat - ::1","service":"chat-server","timestamp":"2025-06-07 03:34:42"}
{"level":"info","message":"User connected: demouser (6843884cf2b530bdfb4da568)","service":"chat-server","timestamp":"2025-06-07 03:34:42"}
{"level":"info","message":"User joined 0 chat rooms","service":"chat-server","timestamp":"2025-06-07 03:34:42"}
{"level":"info","message":"User connected: demouser (6843884cf2b530bdfb4da568)","service":"chat-server","timestamp":"2025-06-07 03:34:42"}
{"level":"info","message":"GET /api/chat - ::1","service":"chat-server","timestamp":"2025-06-07 03:34:42"}
{"level":"info","message":"GET /manifest.json - ::1","service":"chat-server","timestamp":"2025-06-07 03:34:42"}
{"level":"info","message":"User joined 0 chat rooms","service":"chat-server","timestamp":"2025-06-07 03:34:42"}
{"level":"info","message":"GET /api/user/search - ::1","service":"chat-server","timestamp":"2025-06-07 03:35:45"}
{"level":"info","message":"User disconnected: demouser (transport close)","service":"chat-server","timestamp":"2025-06-07 03:36:44"}
{"level":"info","message":"User disconnected: demouser (transport close)","service":"chat-server","timestamp":"2025-06-07 03:36:44"}
{"level":"info","message":"GET /favicon.ico - ::1","service":"chat-server","timestamp":"2025-06-07 03:36:44"}
{"level":"info","message":"GET /api/auth/verify - ::1","service":"chat-server","timestamp":"2025-06-07 03:36:44"}
{"level":"info","message":"GET /api/auth/verify - ::1","service":"chat-server","timestamp":"2025-06-07 03:36:44"}
{"level":"info","message":"GET /api/chat - ::1","service":"chat-server","timestamp":"2025-06-07 03:36:44"}
{"level":"info","message":"User connected: demouser (6843884cf2b530bdfb4da568)","service":"chat-server","timestamp":"2025-06-07 03:36:44"}
{"level":"info","message":"GET /api/chat - ::1","service":"chat-server","timestamp":"2025-06-07 03:36:44"}
{"level":"info","message":"User joined 0 chat rooms","service":"chat-server","timestamp":"2025-06-07 03:36:44"}
{"level":"info","message":"GET /manifest.json - ::1","service":"chat-server","timestamp":"2025-06-07 03:36:44"}
{"level":"info","message":"User connected: demouser (6843884cf2b530bdfb4da568)","service":"chat-server","timestamp":"2025-06-07 03:36:44"}
{"level":"info","message":"User joined 0 chat rooms","service":"chat-server","timestamp":"2025-06-07 03:36:44"}
{"level":"info","message":"User disconnected: demouser (transport close)","service":"chat-server","timestamp":"2025-06-07 03:36:48"}
{"level":"info","message":"User disconnected: demouser (transport close)","service":"chat-server","timestamp":"2025-06-07 03:36:48"}
{"level":"info","message":"GET /favicon.ico - ::1","service":"chat-server","timestamp":"2025-06-07 03:36:48"}
{"level":"info","message":"GET /api/auth/verify - ::1","service":"chat-server","timestamp":"2025-06-07 03:36:48"}
{"level":"info","message":"GET /api/auth/verify - ::1","service":"chat-server","timestamp":"2025-06-07 03:36:48"}
{"level":"info","message":"GET /api/chat - ::1","service":"chat-server","timestamp":"2025-06-07 03:36:48"}
{"level":"info","message":"User connected: demouser (6843884cf2b530bdfb4da568)","service":"chat-server","timestamp":"2025-06-07 03:36:48"}
{"level":"info","message":"User connected: demouser (6843884cf2b530bdfb4da568)","service":"chat-server","timestamp":"2025-06-07 03:36:48"}
{"level":"info","message":"GET /manifest.json - ::1","service":"chat-server","timestamp":"2025-06-07 03:36:48"}
{"level":"info","message":"User joined 0 chat rooms","service":"chat-server","timestamp":"2025-06-07 03:36:48"}
{"level":"info","message":"GET /api/chat - ::1","service":"chat-server","timestamp":"2025-06-07 03:36:48"}
{"level":"info","message":"User joined 0 chat rooms","service":"chat-server","timestamp":"2025-06-07 03:36:48"}
{"level":"info","message":"GET /api/chat - ::1","service":"chat-server","timestamp":"2025-06-07 03:38:05"}
{"level":"info","message":"GET /api/chat - ::1","service":"chat-server","timestamp":"2025-06-07 03:38:05"}
{"level":"info","message":"GET /api/chat - ::1","service":"chat-server","timestamp":"2025-06-07 03:38:13"}
{"level":"info","message":"GET /api/chat - ::1","service":"chat-server","timestamp":"2025-06-07 03:38:13"}
{"level":"info","message":"GET /api/chat - ::1","service":"chat-server","timestamp":"2025-06-07 03:38:13"}
{"level":"info","message":"GET /api/chat - ::1","service":"chat-server","timestamp":"2025-06-07 03:38:13"}
{"level":"info","message":"GET /api/chat - ::1","service":"chat-server","timestamp":"2025-06-07 03:38:27"}
{"level":"info","message":"GET /api/chat - ::1","service":"chat-server","timestamp":"2025-06-07 03:38:27"}
{"level":"info","message":"GET /api/chat - ::1","service":"chat-server","timestamp":"2025-06-07 03:38:42"}
{"level":"info","message":"GET /api/chat - ::1","service":"chat-server","timestamp":"2025-06-07 03:38:42"}
{"level":"info","message":"GET /api/chat - ::1","service":"chat-server","timestamp":"2025-06-07 03:38:47"}
{"level":"info","message":"GET /api/chat - ::1","service":"chat-server","timestamp":"2025-06-07 03:38:47"}
{"level":"info","message":"GET /api/user/search - ::1","service":"chat-server","timestamp":"2025-06-07 03:38:59"}
{"level":"info","message":"GET /api/user/search - ::1","service":"chat-server","timestamp":"2025-06-07 03:38:59"}
{"level":"info","message":"GET /api/chat - ::1","service":"chat-server","timestamp":"2025-06-07 03:39:00"}
{"level":"info","message":"POST /api/chat - ::1","service":"chat-server","timestamp":"2025-06-07 03:39:00"}
{"level":"info","message":"New private chat created by demouser: 68438a24f2b530bdfb4da5f8","service":"chat-server","timestamp":"2025-06-07 03:39:00"}
{"level":"info","message":"GET /api/user/search - ::1","service":"chat-server","timestamp":"2025-06-07 03:39:12"}
{"level":"info","message":"GET /api/user/search - ::1","service":"chat-server","timestamp":"2025-06-07 03:39:26"}
{"level":"info","message":"GET /api/chat - ::1","service":"chat-server","timestamp":"2025-06-07 03:39:28"}
{"level":"info","message":"GET /api/chat - ::1","service":"chat-server","timestamp":"2025-06-07 03:39:28"}
{"level":"info","message":"GET /api/user/search - ::1","service":"chat-server","timestamp":"2025-06-07 03:39:29"}
{"level":"info","message":"GET /api/user/search - ::1","service":"chat-server","timestamp":"2025-06-07 03:39:30"}
{"level":"info","message":"GET /api/user/search - ::1","service":"chat-server","timestamp":"2025-06-07 03:39:31"}
{"level":"info","message":"GET /api/user/search - ::1","service":"chat-server","timestamp":"2025-06-07 03:39:33"}
{"level":"info","message":"GET /api/user/search - ::1","service":"chat-server","timestamp":"2025-06-07 03:39:34"}
{"level":"info","message":"GET /api/user/search - ::1","service":"chat-server","timestamp":"2025-06-07 03:39:35"}
{"level":"info","message":"GET /api/user/search - ::1","service":"chat-server","timestamp":"2025-06-07 03:39:39"}
{"level":"info","message":"User disconnected: alice (transport close)","service":"chat-server","timestamp":"2025-06-07 03:39:52"}
{"level":"info","message":"User disconnected: demouser (transport close)","service":"chat-server","timestamp":"2025-06-07 03:39:52"}
{"level":"info","message":"User disconnected: demouser (transport close)","service":"chat-server","timestamp":"2025-06-07 03:39:52"}
{"level":"info","message":"User connected: demouser (6843884cf2b530bdfb4da568)","service":"chat-server","timestamp":"2025-06-07 03:39:53"}
{"level":"info","message":"User joined 1 chat rooms","service":"chat-server","timestamp":"2025-06-07 03:39:53"}
{"level":"info","message":"Chat server running on port 5050","service":"chat-server","timestamp":"2025-06-07 03:39:59"}
{"level":"info","message":"Environment: development","service":"chat-server","timestamp":"2025-06-07 03:39:59"}
{"level":"info","message":"Connected to MongoDB successfully","service":"chat-server","timestamp":"2025-06-07 03:39:59"}
{"level":"info","message":"User connected: demouser (6843884cf2b530bdfb4da568)","service":"chat-server","timestamp":"2025-06-07 03:40:03"}
{"level":"info","message":"User joined 1 chat rooms","service":"chat-server","timestamp":"2025-06-07 03:40:03"}
{"level":"info","message":"User disconnected: demouser (transport close)","service":"chat-server","timestamp":"2025-06-07 03:40:07"}
{"level":"info","message":"GET /api/auth/verify - ::1","service":"chat-server","timestamp":"2025-06-07 03:40:07"}
{"level":"info","message":"GET /favicon.ico - ::1","service":"chat-server","timestamp":"2025-06-07 03:40:07"}
{"level":"info","message":"GET /api/auth/verify - ::1","service":"chat-server","timestamp":"2025-06-07 03:40:07"}
{"level":"info","message":"GET /api/auth/verify - ::1","service":"chat-server","timestamp":"2025-06-07 03:40:07"}
{"level":"info","message":"GET /api/chat - ::1","service":"chat-server","timestamp":"2025-06-07 03:40:07"}
{"level":"info","message":"GET /favicon.ico - ::1","service":"chat-server","timestamp":"2025-06-07 03:40:07"}
{"level":"info","message":"GET /api/auth/verify - ::1","service":"chat-server","timestamp":"2025-06-07 03:40:08"}
{"level":"info","message":"User connected: demouser (6843884cf2b530bdfb4da568)","service":"chat-server","timestamp":"2025-06-07 03:40:08"}
{"level":"info","message":"User connected: demouser (6843884cf2b530bdfb4da568)","service":"chat-server","timestamp":"2025-06-07 03:40:08"}
{"level":"info","message":"GET /api/chat - ::1","service":"chat-server","timestamp":"2025-06-07 03:40:08"}
{"level":"info","message":"User joined 1 chat rooms","service":"chat-server","timestamp":"2025-06-07 03:40:08"}
{"level":"info","message":"User connected: demouser (6843884cf2b530bdfb4da568)","service":"chat-server","timestamp":"2025-06-07 03:40:08"}
{"level":"info","message":"GET /manifest.json - ::1","service":"chat-server","timestamp":"2025-06-07 03:40:08"}
{"level":"info","message":"User joined 1 chat rooms","service":"chat-server","timestamp":"2025-06-07 03:40:08"}
{"level":"info","message":"User joined 1 chat rooms","service":"chat-server","timestamp":"2025-06-07 03:40:08"}
{"level":"info","message":"User connected: demouser (6843884cf2b530bdfb4da568)","service":"chat-server","timestamp":"2025-06-07 03:40:08"}
{"level":"info","message":"GET /manifest.json - ::1","service":"chat-server","timestamp":"2025-06-07 03:40:08"}
{"level":"info","message":"User joined 1 chat rooms","service":"chat-server","timestamp":"2025-06-07 03:40:08"}
{"level":"info","message":"GET /api/chat - ::1","service":"chat-server","timestamp":"2025-06-07 03:40:08"}
{"level":"info","message":"GET /api/chat - ::1","service":"chat-server","timestamp":"2025-06-07 03:40:08"}
{"level":"info","message":"GET /main.664e4b5a759ef546b2b8.hot-update.json - ::1","service":"chat-server","timestamp":"2025-06-07 03:40:10"}
{"level":"info","message":"GET /api/auth/verify - ::1","service":"chat-server","timestamp":"2025-06-07 03:40:10"}
{"level":"info","message":"GET /api/auth/verify - ::1","service":"chat-server","timestamp":"2025-06-07 03:40:10"}
{"level":"info","message":"GET /api/chat - ::1","service":"chat-server","timestamp":"2025-06-07 03:40:10"}
{"level":"info","message":"User connected: alice (684388c9f2b530bdfb4da579)","service":"chat-server","timestamp":"2025-06-07 03:40:10"}
{"level":"info","message":"User joined 1 chat rooms","service":"chat-server","timestamp":"2025-06-07 03:40:10"}
{"level":"info","message":"User connected: alice (684388c9f2b530bdfb4da579)","service":"chat-server","timestamp":"2025-06-07 03:40:10"}
{"level":"info","message":"GET /api/chat - ::1","service":"chat-server","timestamp":"2025-06-07 03:40:10"}
{"level":"info","message":"User joined 1 chat rooms","service":"chat-server","timestamp":"2025-06-07 03:40:10"}
{"level":"info","message":"User disconnected: demouser (transport close)","service":"chat-server","timestamp":"2025-06-07 03:40:14"}
{"level":"info","message":"User disconnected: demouser (transport close)","service":"chat-server","timestamp":"2025-06-07 03:40:14"}
{"level":"info","message":"Chat server running on port 5050","service":"chat-server","timestamp":"2025-06-07 03:41:35"}
{"level":"info","message":"Environment: development","service":"chat-server","timestamp":"2025-06-07 03:41:35"}
{"level":"info","message":"Connected to MongoDB successfully","service":"chat-server","timestamp":"2025-06-07 03:41:35"}
{"level":"info","message":"User connected: demouser (6843884cf2b530bdfb4da568)","service":"chat-server","timestamp":"2025-06-07 03:41:36"}
{"level":"info","message":"User connected: alice (684388c9f2b530bdfb4da579)","service":"chat-server","timestamp":"2025-06-07 03:41:36"}
{"level":"info","message":"User joined 1 chat rooms","service":"chat-server","timestamp":"2025-06-07 03:41:36"}
{"level":"info","message":"User joined 1 chat rooms","service":"chat-server","timestamp":"2025-06-07 03:41:36"}
{"level":"info","message":"User disconnected: demouser (transport close)","service":"chat-server","timestamp":"2025-06-07 03:41:42"}
{"level":"info","message":"GET /favicon.ico - ::1","service":"chat-server","timestamp":"2025-06-07 03:41:42"}
{"level":"info","message":"GET /api/auth/verify - ::1","service":"chat-server","timestamp":"2025-06-07 03:41:42"}
{"level":"info","message":"GET /api/auth/verify - ::1","service":"chat-server","timestamp":"2025-06-07 03:41:42"}
{"level":"info","message":"GET /api/chat - ::1","service":"chat-server","timestamp":"2025-06-07 03:41:42"}
{"level":"info","message":"User connected: demouser (6843884cf2b530bdfb4da568)","service":"chat-server","timestamp":"2025-06-07 03:41:42"}
{"level":"info","message":"User joined 1 chat rooms","service":"chat-server","timestamp":"2025-06-07 03:41:42"}
{"level":"info","message":"User connected: demouser (6843884cf2b530bdfb4da568)","service":"chat-server","timestamp":"2025-06-07 03:41:42"}
{"level":"info","message":"GET /api/chat - ::1","service":"chat-server","timestamp":"2025-06-07 03:41:42"}
{"level":"info","message":"GET /manifest.json - ::1","service":"chat-server","timestamp":"2025-06-07 03:41:42"}
{"level":"info","message":"User joined 1 chat rooms","service":"chat-server","timestamp":"2025-06-07 03:41:42"}
{"level":"info","message":"GET /favicon.ico - ::1","service":"chat-server","timestamp":"2025-06-07 03:41:43"}
{"level":"info","message":"GET /api/auth/verify - ::1","service":"chat-server","timestamp":"2025-06-07 03:41:43"}
{"level":"info","message":"GET /api/auth/verify - ::1","service":"chat-server","timestamp":"2025-06-07 03:41:43"}
{"level":"info","message":"GET /api/chat - ::1","service":"chat-server","timestamp":"2025-06-07 03:41:43"}
{"level":"info","message":"User connected: demouser (6843884cf2b530bdfb4da568)","service":"chat-server","timestamp":"2025-06-07 03:41:43"}
{"level":"info","message":"User connected: demouser (6843884cf2b530bdfb4da568)","service":"chat-server","timestamp":"2025-06-07 03:41:43"}
{"level":"info","message":"User joined 1 chat rooms","service":"chat-server","timestamp":"2025-06-07 03:41:43"}
{"level":"info","message":"User joined 1 chat rooms","service":"chat-server","timestamp":"2025-06-07 03:41:43"}
{"level":"info","message":"GET /api/chat - ::1","service":"chat-server","timestamp":"2025-06-07 03:41:43"}
{"level":"info","message":"GET /manifest.json - ::1","service":"chat-server","timestamp":"2025-06-07 03:41:43"}
{"level":"info","message":"User disconnected: demouser (transport close)","service":"chat-server","timestamp":"2025-06-07 03:41:46"}
{"level":"info","message":"User disconnected: demouser (transport close)","service":"chat-server","timestamp":"2025-06-07 03:41:46"}
{"level":"info","message":"GET /main.5c4ed498370ce27ac194.hot-update.json - ::1","service":"chat-server","timestamp":"2025-06-07 03:41:50"}
{"level":"info","message":"User disconnected: alice (transport close)","service":"chat-server","timestamp":"2025-06-07 03:41:50"}
{"level":"info","message":"GET /api/auth/verify - ::1","service":"chat-server","timestamp":"2025-06-07 03:41:50"}
{"level":"info","message":"GET /api/auth/verify - ::1","service":"chat-server","timestamp":"2025-06-07 03:41:50"}
{"level":"info","message":"GET /api/chat - ::1","service":"chat-server","timestamp":"2025-06-07 03:41:50"}
{"level":"info","message":"User connected: alice (684388c9f2b530bdfb4da579)","service":"chat-server","timestamp":"2025-06-07 03:41:50"}
{"level":"info","message":"User joined 1 chat rooms","service":"chat-server","timestamp":"2025-06-07 03:41:50"}
{"level":"info","message":"User connected: alice (684388c9f2b530bdfb4da579)","service":"chat-server","timestamp":"2025-06-07 03:41:50"}
{"level":"info","message":"GET /api/chat - ::1","service":"chat-server","timestamp":"2025-06-07 03:41:50"}
{"level":"info","message":"User joined 1 chat rooms","service":"chat-server","timestamp":"2025-06-07 03:41:50"}
{"level":"info","message":"User disconnected: demouser (transport close)","service":"chat-server","timestamp":"2025-06-07 05:10:05"}
{"level":"info","message":"User disconnected: alice (transport close)","service":"chat-server","timestamp":"2025-06-07 05:10:05"}
{"level":"info","message":"User disconnected: alice (transport close)","service":"chat-server","timestamp":"2025-06-07 05:10:05"}
{"level":"info","message":"User disconnected: demouser (transport close)","service":"chat-server","timestamp":"2025-06-07 05:10:05"}
{"level":"info","message":"User connected: alice (684388c9f2b530bdfb4da579)","service":"chat-server","timestamp":"2025-06-07 05:10:06"}
{"level":"info","message":"User joined 1 chat rooms","service":"chat-server","timestamp":"2025-06-07 05:10:06"}
{"level":"info","message":"User connected: demouser (6843884cf2b530bdfb4da568)","service":"chat-server","timestamp":"2025-06-07 05:10:07"}
{"level":"info","message":"User joined 1 chat rooms","service":"chat-server","timestamp":"2025-06-07 05:10:07"}
{"level":"info","message":"User disconnected: alice (transport close)","service":"chat-server","timestamp":"2025-06-07 07:14:07"}
{"level":"info","message":"User disconnected: demouser (transport close)","service":"chat-server","timestamp":"2025-06-07 07:14:07"}
{"level":"info","message":"User connected: demouser (6843884cf2b530bdfb4da568)","service":"chat-server","timestamp":"2025-06-07 07:14:09"}
{"level":"info","message":"User connected: alice (684388c9f2b530bdfb4da579)","service":"chat-server","timestamp":"2025-06-07 07:14:09"}
{"level":"info","message":"User joined 1 chat rooms","service":"chat-server","timestamp":"2025-06-07 07:14:09"}
{"level":"info","message":"User joined 1 chat rooms","service":"chat-server","timestamp":"2025-06-07 07:14:09"}
{"level":"info","message":"User disconnected: demouser (transport close)","service":"chat-server","timestamp":"2025-06-07 08:22:00"}
{"level":"info","message":"User disconnected: alice (transport close)","service":"chat-server","timestamp":"2025-06-07 08:22:00"}
{"level":"info","message":"User connected: demouser (6843884cf2b530bdfb4da568)","service":"chat-server","timestamp":"2025-06-07 08:22:01"}
{"level":"info","message":"User joined 1 chat rooms","service":"chat-server","timestamp":"2025-06-07 08:22:01"}
{"level":"info","message":"User connected: alice (684388c9f2b530bdfb4da579)","service":"chat-server","timestamp":"2025-06-07 08:22:02"}
{"level":"info","message":"User joined 1 chat rooms","service":"chat-server","timestamp":"2025-06-07 08:22:02"}
{"level":"info","message":"User disconnected: demouser (transport close)","service":"chat-server","timestamp":"2025-06-07 08:25:50"}
{"level":"info","message":"User disconnected: alice (transport close)","service":"chat-server","timestamp":"2025-06-07 08:25:50"}
{"level":"info","message":"User connected: alice (684388c9f2b530bdfb4da579)","service":"chat-server","timestamp":"2025-06-07 08:25:51"}
{"level":"info","message":"User connected: demouser (6843884cf2b530bdfb4da568)","service":"chat-server","timestamp":"2025-06-07 08:25:51"}
{"level":"info","message":"User joined 1 chat rooms","service":"chat-server","timestamp":"2025-06-07 08:25:51"}
{"level":"info","message":"User joined 1 chat rooms","service":"chat-server","timestamp":"2025-06-07 08:25:51"}
{"level":"info","message":"User disconnected: alice (transport close)","service":"chat-server","timestamp":"2025-06-07 08:53:42"}
{"level":"info","message":"User disconnected: demouser (transport close)","service":"chat-server","timestamp":"2025-06-07 08:53:42"}
{"level":"info","message":"User connected: alice (684388c9f2b530bdfb4da579)","service":"chat-server","timestamp":"2025-06-07 08:53:43"}
{"level":"info","message":"User joined 1 chat rooms","service":"chat-server","timestamp":"2025-06-07 08:53:43"}
{"level":"info","message":"User connected: demouser (6843884cf2b530bdfb4da568)","service":"chat-server","timestamp":"2025-06-07 08:53:45"}
{"level":"info","message":"User joined 1 chat rooms","service":"chat-server","timestamp":"2025-06-07 08:53:45"}
{"level":"info","message":"User disconnected: demouser (transport close)","service":"chat-server","timestamp":"2025-06-07 09:48:05"}
{"level":"info","message":"User disconnected: alice (transport close)","service":"chat-server","timestamp":"2025-06-07 09:48:05"}
{"level":"info","message":"User connected: demouser (6843884cf2b530bdfb4da568)","service":"chat-server","timestamp":"2025-06-07 09:48:06"}
{"level":"info","message":"User connected: alice (684388c9f2b530bdfb4da579)","service":"chat-server","timestamp":"2025-06-07 09:48:06"}
{"level":"info","message":"User joined 1 chat rooms","service":"chat-server","timestamp":"2025-06-07 09:48:06"}
{"level":"info","message":"User joined 1 chat rooms","service":"chat-server","timestamp":"2025-06-07 09:48:06"}
{"level":"info","message":"User disconnected: alice (transport close)","service":"chat-server","timestamp":"2025-06-07 09:58:11"}
{"level":"info","message":"User disconnected: demouser (transport close)","service":"chat-server","timestamp":"2025-06-07 09:58:11"}
{"level":"info","message":"User connected: alice (684388c9f2b530bdfb4da579)","service":"chat-server","timestamp":"2025-06-07 09:58:12"}
{"level":"info","message":"User joined 1 chat rooms","service":"chat-server","timestamp":"2025-06-07 09:58:12"}
{"level":"info","message":"User connected: demouser (6843884cf2b530bdfb4da568)","service":"chat-server","timestamp":"2025-06-07 09:58:13"}
{"level":"info","message":"User joined 1 chat rooms","service":"chat-server","timestamp":"2025-06-07 09:58:13"}
{"level":"info","message":"User disconnected: alice (transport close)","service":"chat-server","timestamp":"2025-06-07 10:33:18"}
{"level":"info","message":"User disconnected: demouser (transport close)","service":"chat-server","timestamp":"2025-06-07 10:33:18"}
{"level":"info","message":"User connected: alice (684388c9f2b530bdfb4da579)","service":"chat-server","timestamp":"2025-06-07 10:33:19"}
{"level":"info","message":"User connected: demouser (6843884cf2b530bdfb4da568)","service":"chat-server","timestamp":"2025-06-07 10:33:19"}
{"level":"info","message":"User joined 1 chat rooms","service":"chat-server","timestamp":"2025-06-07 10:33:19"}
{"level":"info","message":"User joined 1 chat rooms","service":"chat-server","timestamp":"2025-06-07 10:33:19"}
{"level":"info","message":"User disconnected: demouser (transport close)","service":"chat-server","timestamp":"2025-06-07 10:36:36"}
{"level":"info","message":"User disconnected: alice (transport close)","service":"chat-server","timestamp":"2025-06-07 10:36:36"}
{"level":"info","message":"User connected: demouser (6843884cf2b530bdfb4da568)","service":"chat-server","timestamp":"2025-06-07 10:36:37"}
{"level":"info","message":"User connected: alice (684388c9f2b530bdfb4da579)","service":"chat-server","timestamp":"2025-06-07 10:36:37"}
{"level":"info","message":"User joined 1 chat rooms","service":"chat-server","timestamp":"2025-06-07 10:36:37"}
{"level":"info","message":"User joined 1 chat rooms","service":"chat-server","timestamp":"2025-06-07 10:36:37"}
{"level":"info","message":"User disconnected: demouser (transport close)","service":"chat-server","timestamp":"2025-06-07 10:42:16"}
{"level":"info","message":"User disconnected: alice (transport close)","service":"chat-server","timestamp":"2025-06-07 10:42:16"}
{"level":"info","message":"User connected: alice (684388c9f2b530bdfb4da579)","service":"chat-server","timestamp":"2025-06-07 10:42:17"}
{"level":"info","message":"User connected: demouser (6843884cf2b530bdfb4da568)","service":"chat-server","timestamp":"2025-06-07 10:42:17"}
{"level":"info","message":"User joined 1 chat rooms","service":"chat-server","timestamp":"2025-06-07 10:42:17"}
{"level":"info","message":"User joined 1 chat rooms","service":"chat-server","timestamp":"2025-06-07 10:42:17"}
{"level":"info","message":"User disconnected: alice (transport close)","service":"chat-server","timestamp":"2025-06-07 11:15:07"}
{"level":"info","message":"User disconnected: demouser (transport close)","service":"chat-server","timestamp":"2025-06-07 11:15:07"}
{"level":"info","message":"User connected: alice (684388c9f2b530bdfb4da579)","service":"chat-server","timestamp":"2025-06-07 11:15:09"}
{"level":"info","message":"User connected: demouser (6843884cf2b530bdfb4da568)","service":"chat-server","timestamp":"2025-06-07 11:15:10"}
{"level":"info","message":"User joined 1 chat rooms","service":"chat-server","timestamp":"2025-06-07 11:15:10"}
{"level":"info","message":"User joined 1 chat rooms","service":"chat-server","timestamp":"2025-06-07 11:15:10"}
{"level":"info","message":"User disconnected: alice (transport close)","service":"chat-server","timestamp":"2025-06-07 12:12:43"}
{"level":"info","message":"User disconnected: demouser (transport close)","service":"chat-server","timestamp":"2025-06-07 12:12:43"}
{"level":"info","message":"User connected: alice (684388c9f2b530bdfb4da579)","service":"chat-server","timestamp":"2025-06-07 12:12:45"}
{"level":"info","message":"User connected: demouser (6843884cf2b530bdfb4da568)","service":"chat-server","timestamp":"2025-06-07 12:12:45"}
{"level":"info","message":"User joined 1 chat rooms","service":"chat-server","timestamp":"2025-06-07 12:12:45"}
{"level":"info","message":"User joined 1 chat rooms","service":"chat-server","timestamp":"2025-06-07 12:12:45"}
{"level":"info","message":"User disconnected: alice (transport close)","service":"chat-server","timestamp":"2025-06-07 12:17:59"}
{"level":"info","message":"User disconnected: demouser (transport close)","service":"chat-server","timestamp":"2025-06-07 12:17:59"}
{"level":"info","message":"User connected: alice (684388c9f2b530bdfb4da579)","service":"chat-server","timestamp":"2025-06-07 12:18:00"}
{"level":"info","message":"User connected: demouser (6843884cf2b530bdfb4da568)","service":"chat-server","timestamp":"2025-06-07 12:18:00"}
{"level":"info","message":"User joined 1 chat rooms","service":"chat-server","timestamp":"2025-06-07 12:18:00"}
{"level":"info","message":"User joined 1 chat rooms","service":"chat-server","timestamp":"2025-06-07 12:18:00"}
{"level":"info","message":"User disconnected: alice (transport close)","service":"chat-server","timestamp":"2025-06-07 13:04:43"}
{"level":"info","message":"User disconnected: demouser (transport close)","service":"chat-server","timestamp":"2025-06-07 13:04:43"}
{"level":"info","message":"User connected: demouser (6843884cf2b530bdfb4da568)","service":"chat-server","timestamp":"2025-06-07 13:04:44"}
{"level":"info","message":"User joined 1 chat rooms","service":"chat-server","timestamp":"2025-06-07 13:04:44"}
{"level":"info","message":"User connected: alice (684388c9f2b530bdfb4da579)","service":"chat-server","timestamp":"2025-06-07 13:04:45"}
{"level":"info","message":"User joined 1 chat rooms","service":"chat-server","timestamp":"2025-06-07 13:04:45"}
{"level":"info","message":"User disconnected: demouser (transport close)","service":"chat-server","timestamp":"2025-06-07 14:02:32"}
{"level":"info","message":"User disconnected: alice (transport close)","service":"chat-server","timestamp":"2025-06-07 14:02:32"}
{"level":"info","message":"User connected: demouser (6843884cf2b530bdfb4da568)","service":"chat-server","timestamp":"2025-06-07 14:02:33"}
{"level":"info","message":"User connected: alice (684388c9f2b530bdfb4da579)","service":"chat-server","timestamp":"2025-06-07 14:02:33"}
{"level":"info","message":"User joined 1 chat rooms","service":"chat-server","timestamp":"2025-06-07 14:02:33"}
{"level":"info","message":"User joined 1 chat rooms","service":"chat-server","timestamp":"2025-06-07 14:02:33"}
{"level":"info","message":"User disconnected: alice (transport close)","service":"chat-server","timestamp":"2025-06-07 14:22:00"}
{"level":"info","message":"User disconnected: demouser (transport close)","service":"chat-server","timestamp":"2025-06-07 14:22:00"}
{"level":"info","message":"User connected: demouser (6843884cf2b530bdfb4da568)","service":"chat-server","timestamp":"2025-06-07 14:22:01"}
{"level":"info","message":"User joined 1 chat rooms","service":"chat-server","timestamp":"2025-06-07 14:22:01"}
{"level":"info","message":"User connected: alice (684388c9f2b530bdfb4da579)","service":"chat-server","timestamp":"2025-06-07 14:22:01"}
{"level":"info","message":"User joined 1 chat rooms","service":"chat-server","timestamp":"2025-06-07 14:22:01"}
{"level":"info","message":"User disconnected: demouser (transport close)","service":"chat-server","timestamp":"2025-06-07 14:23:24"}
{"level":"info","message":"User disconnected: alice (transport close)","service":"chat-server","timestamp":"2025-06-07 14:23:24"}
{"level":"info","message":"User connected: alice (684388c9f2b530bdfb4da579)","service":"chat-server","timestamp":"2025-06-07 14:23:24"}
{"level":"info","message":"User joined 1 chat rooms","service":"chat-server","timestamp":"2025-06-07 14:23:24"}
{"level":"info","message":"User connected: demouser (6843884cf2b530bdfb4da568)","service":"chat-server","timestamp":"2025-06-07 14:23:25"}
{"level":"info","message":"User joined 1 chat rooms","service":"chat-server","timestamp":"2025-06-07 14:23:25"}
{"level":"info","message":"User disconnected: alice (transport close)","service":"chat-server","timestamp":"2025-06-07 14:23:52"}
{"level":"info","message":"User disconnected: demouser (transport close)","service":"chat-server","timestamp":"2025-06-07 14:23:52"}
{"level":"info","message":"User connected: demouser (6843884cf2b530bdfb4da568)","service":"chat-server","timestamp":"2025-06-07 14:23:53"}
{"level":"info","message":"User connected: alice (684388c9f2b530bdfb4da579)","service":"chat-server","timestamp":"2025-06-07 14:23:53"}
{"level":"info","message":"User joined 1 chat rooms","service":"chat-server","timestamp":"2025-06-07 14:23:53"}
{"level":"info","message":"User joined 1 chat rooms","service":"chat-server","timestamp":"2025-06-07 14:23:53"}
{"level":"info","message":"User disconnected: alice (transport close)","service":"chat-server","timestamp":"2025-06-07 14:28:02"}
{"level":"info","message":"User disconnected: demouser (transport close)","service":"chat-server","timestamp":"2025-06-07 14:28:02"}
{"level":"info","message":"User connected: alice (684388c9f2b530bdfb4da579)","service":"chat-server","timestamp":"2025-06-07 14:28:03"}
{"level":"info","message":"User joined 1 chat rooms","service":"chat-server","timestamp":"2025-06-07 14:28:03"}
{"level":"info","message":"User connected: demouser (6843884cf2b530bdfb4da568)","service":"chat-server","timestamp":"2025-06-07 14:28:04"}
{"level":"info","message":"User joined 1 chat rooms","service":"chat-server","timestamp":"2025-06-07 14:28:04"}
{"level":"info","message":"User disconnected: demouser (transport close)","service":"chat-server","timestamp":"2025-06-07 14:32:08"}
{"level":"info","message":"User disconnected: alice (transport close)","service":"chat-server","timestamp":"2025-06-07 14:32:08"}
{"level":"info","message":"User connected: alice (684388c9f2b530bdfb4da579)","service":"chat-server","timestamp":"2025-06-07 14:32:09"}
{"level":"info","message":"User connected: demouser (6843884cf2b530bdfb4da568)","service":"chat-server","timestamp":"2025-06-07 14:32:09"}
{"level":"info","message":"User joined 1 chat rooms","service":"chat-server","timestamp":"2025-06-07 14:32:09"}
{"level":"info","message":"User joined 1 chat rooms","service":"chat-server","timestamp":"2025-06-07 14:32:09"}
{"level":"info","message":"User disconnected: alice (transport close)","service":"chat-server","timestamp":"2025-06-07 14:33:25"}
{"level":"info","message":"User disconnected: demouser (transport close)","service":"chat-server","timestamp":"2025-06-07 14:33:25"}
{"level":"info","message":"User connected: alice (684388c9f2b530bdfb4da579)","service":"chat-server","timestamp":"2025-06-07 14:33:26"}
{"level":"info","message":"User joined 1 chat rooms","service":"chat-server","timestamp":"2025-06-07 14:33:26"}
{"level":"info","message":"User connected: demouser (6843884cf2b530bdfb4da568)","service":"chat-server","timestamp":"2025-06-07 14:33:27"}
{"level":"info","message":"User joined 1 chat rooms","service":"chat-server","timestamp":"2025-06-07 14:33:27"}
{"level":"info","message":"User disconnected: alice (transport close)","service":"chat-server","timestamp":"2025-06-07 14:36:33"}
{"level":"info","message":"User disconnected: demouser (transport close)","service":"chat-server","timestamp":"2025-06-07 14:36:33"}
{"level":"info","message":"User connected: demouser (6843884cf2b530bdfb4da568)","service":"chat-server","timestamp":"2025-06-07 14:36:34"}
{"level":"info","message":"User connected: alice (684388c9f2b530bdfb4da579)","service":"chat-server","timestamp":"2025-06-07 14:36:34"}
{"level":"info","message":"User joined 1 chat rooms","service":"chat-server","timestamp":"2025-06-07 14:36:34"}
{"level":"info","message":"User joined 1 chat rooms","service":"chat-server","timestamp":"2025-06-07 14:36:34"}
{"level":"info","message":"User disconnected: demouser (transport close)","service":"chat-server","timestamp":"2025-06-07 14:37:07"}
{"level":"info","message":"User disconnected: alice (transport close)","service":"chat-server","timestamp":"2025-06-07 14:37:07"}
{"level":"info","message":"User connected: alice (684388c9f2b530bdfb4da579)","service":"chat-server","timestamp":"2025-06-07 14:37:08"}
{"level":"info","message":"User connected: demouser (6843884cf2b530bdfb4da568)","service":"chat-server","timestamp":"2025-06-07 14:37:08"}
{"level":"info","message":"User joined 1 chat rooms","service":"chat-server","timestamp":"2025-06-07 14:37:08"}
{"level":"info","message":"User joined 1 chat rooms","service":"chat-server","timestamp":"2025-06-07 14:37:08"}
{"level":"info","message":"User disconnected: alice (transport close)","service":"chat-server","timestamp":"2025-06-07 14:40:26"}
{"level":"info","message":"User disconnected: demouser (transport close)","service":"chat-server","timestamp":"2025-06-07 14:40:26"}
{"level":"info","message":"User connected: demouser (6843884cf2b530bdfb4da568)","service":"chat-server","timestamp":"2025-06-07 14:40:27"}
{"level":"info","message":"User connected: alice (684388c9f2b530bdfb4da579)","service":"chat-server","timestamp":"2025-06-07 14:40:27"}
{"level":"info","message":"User joined 1 chat rooms","service":"chat-server","timestamp":"2025-06-07 14:40:27"}
{"level":"info","message":"User joined 1 chat rooms","service":"chat-server","timestamp":"2025-06-07 14:40:27"}
{"level":"info","message":"User disconnected: demouser (transport close)","service":"chat-server","timestamp":"2025-06-07 15:20:30"}
{"level":"info","message":"User disconnected: alice (transport close)","service":"chat-server","timestamp":"2025-06-07 15:20:30"}
{"level":"info","message":"User connected: demouser (6843884cf2b530bdfb4da568)","service":"chat-server","timestamp":"2025-06-07 15:20:31"}
{"level":"info","message":"User joined 1 chat rooms","service":"chat-server","timestamp":"2025-06-07 15:20:31"}
{"level":"info","message":"User connected: alice (684388c9f2b530bdfb4da579)","service":"chat-server","timestamp":"2025-06-07 15:20:32"}
{"level":"info","message":"User joined 1 chat rooms","service":"chat-server","timestamp":"2025-06-07 15:20:32"}
{"level":"info","message":"User disconnected: alice (transport close)","service":"chat-server","timestamp":"2025-06-07 15:21:12"}
{"level":"info","message":"User disconnected: demouser (transport close)","service":"chat-server","timestamp":"2025-06-07 15:21:12"}
{"level":"info","message":"User connected: alice (684388c9f2b530bdfb4da579)","service":"chat-server","timestamp":"2025-06-07 15:21:14"}
{"level":"info","message":"User connected: demouser (6843884cf2b530bdfb4da568)","service":"chat-server","timestamp":"2025-06-07 15:21:14"}
{"level":"info","message":"User joined 1 chat rooms","service":"chat-server","timestamp":"2025-06-07 15:21:14"}
{"level":"info","message":"User joined 1 chat rooms","service":"chat-server","timestamp":"2025-06-07 15:21:14"}
{"level":"info","message":"User disconnected: alice (transport close)","service":"chat-server","timestamp":"2025-06-07 15:24:32"}
{"level":"info","message":"User disconnected: demouser (transport close)","service":"chat-server","timestamp":"2025-06-07 15:24:32"}
{"level":"info","message":"User connected: alice (684388c9f2b530bdfb4da579)","service":"chat-server","timestamp":"2025-06-07 15:24:33"}
{"level":"info","message":"User connected: demouser (6843884cf2b530bdfb4da568)","service":"chat-server","timestamp":"2025-06-07 15:24:33"}
{"level":"info","message":"User joined 1 chat rooms","service":"chat-server","timestamp":"2025-06-07 15:24:33"}
{"level":"info","message":"User joined 1 chat rooms","service":"chat-server","timestamp":"2025-06-07 15:24:33"}
{"level":"info","message":"User disconnected: alice (transport close)","service":"chat-server","timestamp":"2025-06-07 15:33:08"}
{"level":"info","message":"User disconnected: demouser (transport close)","service":"chat-server","timestamp":"2025-06-07 15:33:08"}
{"level":"info","message":"User connected: alice (684388c9f2b530bdfb4da579)","service":"chat-server","timestamp":"2025-06-07 15:33:09"}
{"level":"info","message":"User joined 1 chat rooms","service":"chat-server","timestamp":"2025-06-07 15:33:09"}
{"level":"info","message":"User connected: demouser (6843884cf2b530bdfb4da568)","service":"chat-server","timestamp":"2025-06-07 15:33:10"}
{"level":"info","message":"User joined 1 chat rooms","service":"chat-server","timestamp":"2025-06-07 15:33:10"}
{"level":"info","message":"User disconnected: alice (transport close)","service":"chat-server","timestamp":"2025-06-07 15:33:53"}
{"level":"info","message":"User disconnected: demouser (transport close)","service":"chat-server","timestamp":"2025-06-07 15:33:53"}
{"level":"info","message":"User connected: alice (684388c9f2b530bdfb4da579)","service":"chat-server","timestamp":"2025-06-07 15:33:54"}
{"level":"info","message":"User joined 1 chat rooms","service":"chat-server","timestamp":"2025-06-07 15:33:54"}
{"level":"info","message":"User connected: demouser (6843884cf2b530bdfb4da568)","service":"chat-server","timestamp":"2025-06-07 15:33:55"}
{"level":"info","message":"User joined 1 chat rooms","service":"chat-server","timestamp":"2025-06-07 15:33:55"}
{"level":"info","message":"User disconnected: alice (transport close)","service":"chat-server","timestamp":"2025-06-07 15:35:25"}
{"level":"info","message":"User disconnected: demouser (transport close)","service":"chat-server","timestamp":"2025-06-07 15:35:25"}
{"level":"info","message":"User connected: demouser (6843884cf2b530bdfb4da568)","service":"chat-server","timestamp":"2025-06-07 15:35:26"}
{"level":"info","message":"User joined 1 chat rooms","service":"chat-server","timestamp":"2025-06-07 15:35:26"}
{"level":"info","message":"User connected: alice (684388c9f2b530bdfb4da579)","service":"chat-server","timestamp":"2025-06-07 15:35:27"}
{"level":"info","message":"User joined 1 chat rooms","service":"chat-server","timestamp":"2025-06-07 15:35:27"}
{"level":"info","message":"User disconnected: demouser (transport close)","service":"chat-server","timestamp":"2025-06-07 15:57:37"}
{"level":"info","message":"GET /api/auth/verify - ::1","service":"chat-server","timestamp":"2025-06-07 15:57:37"}
{"level":"info","message":"GET /favicon.ico - ::1","service":"chat-server","timestamp":"2025-06-07 15:57:37"}
{"level":"info","message":"GET /api/auth/verify - ::1","service":"chat-server","timestamp":"2025-06-07 15:57:37"}
{"level":"info","message":"GET /api/chat - ::1","service":"chat-server","timestamp":"2025-06-07 15:57:37"}
{"level":"info","message":"User connected: demouser (6843884cf2b530bdfb4da568)","service":"chat-server","timestamp":"2025-06-07 15:57:37"}
{"level":"info","message":"User connected: demouser (6843884cf2b530bdfb4da568)","service":"chat-server","timestamp":"2025-06-07 15:57:37"}
{"level":"info","message":"GET /manifest.json - ::1","service":"chat-server","timestamp":"2025-06-07 15:57:37"}
{"level":"info","message":"User joined 1 chat rooms","service":"chat-server","timestamp":"2025-06-07 15:57:37"}
{"level":"info","message":"User joined 1 chat rooms","service":"chat-server","timestamp":"2025-06-07 15:57:37"}
{"level":"info","message":"GET /api/chat - ::1","service":"chat-server","timestamp":"2025-06-07 15:57:37"}
{"level":"info","message":"GET /api/user/search - ::1","service":"chat-server","timestamp":"2025-06-07 15:57:43"}
{"level":"info","message":"GET /api/chat - ::1","service":"chat-server","timestamp":"2025-06-07 15:57:44"}
{"level":"info","message":"User disconnected: alice (transport close)","service":"chat-server","timestamp":"2025-06-07 16:11:29"}
{"level":"info","message":"User disconnected: demouser (transport close)","service":"chat-server","timestamp":"2025-06-07 16:11:29"}
{"level":"info","message":"User disconnected: demouser (transport close)","service":"chat-server","timestamp":"2025-06-07 16:11:29"}
{"level":"info","message":"User connected: alice (684388c9f2b530bdfb4da579)","service":"chat-server","timestamp":"2025-06-07 16:11:30"}
{"level":"info","message":"User connected: demouser (6843884cf2b530bdfb4da568)","service":"chat-server","timestamp":"2025-06-07 16:11:30"}
{"level":"info","message":"User joined 1 chat rooms","service":"chat-server","timestamp":"2025-06-07 16:11:30"}
{"level":"info","message":"User joined 1 chat rooms","service":"chat-server","timestamp":"2025-06-07 16:11:30"}
{"level":"warn","message":"GIPHY_API_KEY not set - GIF functionality will be limited","service":"chat-server","timestamp":"2025-06-07 16:58:38"}
{"level":"info","message":"Chat server running on port 5050","service":"chat-server","timestamp":"2025-06-07 16:58:38"}
{"level":"info","message":"Environment: development","service":"chat-server","timestamp":"2025-06-07 16:58:38"}
{"level":"info","message":"Connected to MongoDB successfully","service":"chat-server","timestamp":"2025-06-07 16:58:38"}
{"level":"info","message":"User connected: alice (684388c9f2b530bdfb4da579)","service":"chat-server","timestamp":"2025-06-07 16:58:40"}
{"level":"warn","message":"GIPHY_API_KEY not set - GIF functionality will be limited","service":"chat-server","timestamp":"2025-06-07 16:58:40"}
{"level":"info","message":"User alice connected - online status updated","service":"chat-server","timestamp":"2025-06-07 16:58:40"}
{"level":"info","message":"User joined 1 chat rooms","service":"chat-server","timestamp":"2025-06-07 16:58:40"}
{"level":"info","message":"Created voice notes upload directory","service":"chat-server","timestamp":"2025-06-07 16:58:40"}
{"level":"info","message":"User disconnected: alice (transport close)","service":"chat-server","timestamp":"2025-06-07 16:58:44"}
{"level":"info","message":"User alice disconnected - offline status updated","service":"chat-server","timestamp":"2025-06-07 16:58:44"}
{"level":"info","message":"GET /api/auth/verify - ::1","service":"chat-server","timestamp":"2025-06-07 16:58:44"}
{"level":"info","message":"GET /api/auth/verify - ::1","service":"chat-server","timestamp":"2025-06-07 16:58:44"}
{"level":"info","message":"GET /api/chat - ::1","service":"chat-server","timestamp":"2025-06-07 16:58:44"}
{"level":"info","message":"User connected: alice (684388c9f2b530bdfb4da579)","service":"chat-server","timestamp":"2025-06-07 16:58:44"}
{"level":"info","message":"User alice connected - online status updated","service":"chat-server","timestamp":"2025-06-07 16:58:44"}
{"level":"info","message":"User connected: alice (684388c9f2b530bdfb4da579)","service":"chat-server","timestamp":"2025-06-07 16:58:44"}
{"level":"info","message":"User alice connected - online status updated","service":"chat-server","timestamp":"2025-06-07 16:58:44"}
{"level":"info","message":"User joined 1 chat rooms","service":"chat-server","timestamp":"2025-06-07 16:58:44"}
{"level":"info","message":"User joined 1 chat rooms","service":"chat-server","timestamp":"2025-06-07 16:58:44"}
{"level":"info","message":"GET /api/chat - ::1","service":"chat-server","timestamp":"2025-06-07 16:58:44"}
{"level":"info","message":"GET /favicon.ico - ::1","service":"chat-server","timestamp":"2025-06-07 16:58:46"}
{"level":"info","message":"GET /api/auth/verify - ::1","service":"chat-server","timestamp":"2025-06-07 16:58:46"}
{"level":"info","message":"GET /api/auth/verify - ::1","service":"chat-server","timestamp":"2025-06-07 16:58:46"}
{"level":"info","message":"GET /api/chat - ::1","service":"chat-server","timestamp":"2025-06-07 16:58:46"}
{"level":"info","message":"GET /api/chat - ::1","service":"chat-server","timestamp":"2025-06-07 16:58:46"}
{"level":"info","message":"User connected: demouser (6843884cf2b530bdfb4da568)","service":"chat-server","timestamp":"2025-06-07 16:58:46"}
{"level":"info","message":"User demouser connected - online status updated","service":"chat-server","timestamp":"2025-06-07 16:58:46"}
{"level":"info","message":"User joined 1 chat rooms","service":"chat-server","timestamp":"2025-06-07 16:58:46"}
{"level":"info","message":"User connected: demouser (6843884cf2b530bdfb4da568)","service":"chat-server","timestamp":"2025-06-07 16:58:46"}
{"level":"info","message":"User demouser connected - online status updated","service":"chat-server","timestamp":"2025-06-07 16:58:46"}
{"level":"info","message":"User joined 1 chat rooms","service":"chat-server","timestamp":"2025-06-07 16:58:46"}
{"level":"info","message":"GET /manifest.json - ::1","service":"chat-server","timestamp":"2025-06-07 16:58:46"}
{"level":"info","message":"User 684388c9f2b530bdfb4da579 status updated to away","service":"chat-server","timestamp":"2025-06-07 17:03:44"}
{"level":"info","message":"User 6843884cf2b530bdfb4da568 status updated to away","service":"chat-server","timestamp":"2025-06-07 17:03:46"}
{"level":"info","message":"GET /api/user/search - ::1","service":"chat-server","timestamp":"2025-06-07 17:10:08"}
{"level":"info","message":"GET /api/user/search - ::1","service":"chat-server","timestamp":"2025-06-07 17:10:09"}
{"level":"info","message":"GET /api/user/search - ::1","service":"chat-server","timestamp":"2025-06-07 17:10:10"}
{"level":"info","message":"GET /api/chat - ::1","service":"chat-server","timestamp":"2025-06-07 17:10:11"}
{"level":"info","message":"GET /api/chat - ::1","service":"chat-server","timestamp":"2025-06-07 17:11:32"}
{"level":"info","message":"GET /api/chat - ::1","service":"chat-server","timestamp":"2025-06-07 17:11:32"}
{"level":"info","message":"User demouser joined chat 68438a24f2b530bdfb4da5f8","service":"chat-server","timestamp":"2025-06-07 17:12:00"}
{"level":"info","message":"GET /api/chat/68438a24f2b530bdfb4da5f8/messages - ::1","service":"chat-server","timestamp":"2025-06-07 17:12:00"}
{"level":"info","message":"User disconnected: demouser (transport close)","service":"chat-server","timestamp":"2025-06-07 17:33:36"}
{"level":"info","message":"User disconnected: demouser (transport close)","service":"chat-server","timestamp":"2025-06-07 17:33:36"}
{"level":"info","message":"User disconnected: alice (transport close)","service":"chat-server","timestamp":"2025-06-07 17:33:36"}
{"level":"info","message":"User disconnected: alice (transport close)","service":"chat-server","timestamp":"2025-06-07 17:33:36"}
{"level":"info","message":"User demouser disconnected - offline status updated","service":"chat-server","timestamp":"2025-06-07 17:33:36"}
{"level":"info","message":"User demouser disconnected - offline status updated","service":"chat-server","timestamp":"2025-06-07 17:33:36"}
{"level":"info","message":"User alice disconnected - offline status updated","service":"chat-server","timestamp":"2025-06-07 17:33:36"}
{"level":"info","message":"User alice disconnected - offline status updated","service":"chat-server","timestamp":"2025-06-07 17:33:36"}
{"level":"info","message":"User connected: demouser (6843884cf2b530bdfb4da568)","service":"chat-server","timestamp":"2025-06-07 17:33:37"}
{"level":"info","message":"User demouser connected - online status updated","service":"chat-server","timestamp":"2025-06-07 17:33:37"}
{"level":"info","message":"User joined 1 chat rooms","service":"chat-server","timestamp":"2025-06-07 17:33:37"}
{"level":"info","message":"User connected: alice (684388c9f2b530bdfb4da579)","service":"chat-server","timestamp":"2025-06-07 17:33:38"}
{"level":"info","message":"User alice connected - online status updated","service":"chat-server","timestamp":"2025-06-07 17:33:38"}
{"level":"info","message":"User joined 1 chat rooms","service":"chat-server","timestamp":"2025-06-07 17:33:38"}
{"level":"info","message":"User 6843884cf2b530bdfb4da568 status updated to away","service":"chat-server","timestamp":"2025-06-07 17:47:22"}
{"level":"info","message":"User 684388c9f2b530bdfb4da579 status updated to away","service":"chat-server","timestamp":"2025-06-07 17:47:22"}
{"level":"info","message":"User disconnected: demouser (transport close)","service":"chat-server","timestamp":"2025-06-07 17:47:45"}
{"level":"info","message":"User disconnected: alice (transport close)","service":"chat-server","timestamp":"2025-06-07 17:47:45"}
{"level":"info","message":"User demouser disconnected - offline status updated","service":"chat-server","timestamp":"2025-06-07 17:47:45"}
{"level":"info","message":"User alice disconnected - offline status updated","service":"chat-server","timestamp":"2025-06-07 17:47:45"}
{"level":"info","message":"User connected: demouser (6843884cf2b530bdfb4da568)","service":"chat-server","timestamp":"2025-06-07 17:47:46"}
{"level":"info","message":"User demouser connected - online status updated","service":"chat-server","timestamp":"2025-06-07 17:47:46"}
{"level":"info","message":"User joined 1 chat rooms","service":"chat-server","timestamp":"2025-06-07 17:47:46"}
{"level":"info","message":"User connected: alice (684388c9f2b530bdfb4da579)","service":"chat-server","timestamp":"2025-06-07 17:47:47"}
{"level":"info","message":"User alice connected - online status updated","service":"chat-server","timestamp":"2025-06-07 17:47:47"}
{"level":"info","message":"User joined 1 chat rooms","service":"chat-server","timestamp":"2025-06-07 17:47:47"}
{"level":"info","message":"User disconnected: alice (transport close)","service":"chat-server","timestamp":"2025-06-07 17:51:03"}
{"level":"info","message":"User disconnected: demouser (transport close)","service":"chat-server","timestamp":"2025-06-07 17:51:03"}
{"level":"info","message":"User alice disconnected - offline status updated","service":"chat-server","timestamp":"2025-06-07 17:51:03"}
{"level":"info","message":"User demouser disconnected - offline status updated","service":"chat-server","timestamp":"2025-06-07 17:51:03"}
{"level":"info","message":"User connected: demouser (6843884cf2b530bdfb4da568)","service":"chat-server","timestamp":"2025-06-07 17:51:04"}
{"level":"info","message":"User connected: alice (684388c9f2b530bdfb4da579)","service":"chat-server","timestamp":"2025-06-07 17:51:04"}
{"level":"info","message":"User alice connected - online status updated","service":"chat-server","timestamp":"2025-06-07 17:51:04"}
{"level":"info","message":"User demouser connected - online status updated","service":"chat-server","timestamp":"2025-06-07 17:51:04"}
{"level":"info","message":"User joined 1 chat rooms","service":"chat-server","timestamp":"2025-06-07 17:51:04"}
{"level":"info","message":"User joined 1 chat rooms","service":"chat-server","timestamp":"2025-06-07 17:51:04"}
{"level":"info","message":"User 6843884cf2b530bdfb4da568 status updated to away","service":"chat-server","timestamp":"2025-06-07 17:58:29"}
{"level":"info","message":"User 684388c9f2b530bdfb4da579 status updated to away","service":"chat-server","timestamp":"2025-06-07 17:58:29"}
{"level":"info","message":"User disconnected: alice (transport close)","service":"chat-server","timestamp":"2025-06-07 19:12:31"}
{"level":"info","message":"User disconnected: demouser (transport close)","service":"chat-server","timestamp":"2025-06-07 19:12:31"}
{"level":"info","message":"User alice disconnected - offline status updated","service":"chat-server","timestamp":"2025-06-07 19:12:31"}
{"level":"info","message":"User demouser disconnected - offline status updated","service":"chat-server","timestamp":"2025-06-07 19:12:31"}
{"level":"info","message":"User connected: alice (684388c9f2b530bdfb4da579)","service":"chat-server","timestamp":"2025-06-07 19:12:31"}
{"level":"info","message":"User alice connected - online status updated","service":"chat-server","timestamp":"2025-06-07 19:12:31"}
{"level":"info","message":"User joined 1 chat rooms","service":"chat-server","timestamp":"2025-06-07 19:12:31"}
{"level":"info","message":"User connected: demouser (6843884cf2b530bdfb4da568)","service":"chat-server","timestamp":"2025-06-07 19:12:32"}
{"level":"info","message":"User demouser connected - online status updated","service":"chat-server","timestamp":"2025-06-07 19:12:32"}
{"level":"info","message":"User joined 1 chat rooms","service":"chat-server","timestamp":"2025-06-07 19:12:32"}
{"level":"info","message":"User 684388c9f2b530bdfb4da579 status updated to away","service":"chat-server","timestamp":"2025-06-07 19:17:37"}
{"level":"info","message":"User 6843884cf2b530bdfb4da568 status updated to away","service":"chat-server","timestamp":"2025-06-07 19:17:37"}
{"level":"info","message":"User disconnected: alice (transport close)","service":"chat-server","timestamp":"2025-06-07 20:16:59"}
{"level":"info","message":"User disconnected: demouser (transport close)","service":"chat-server","timestamp":"2025-06-07 20:16:59"}
{"level":"info","message":"User alice disconnected - offline status updated","service":"chat-server","timestamp":"2025-06-07 20:16:59"}
{"level":"info","message":"User demouser disconnected - offline status updated","service":"chat-server","timestamp":"2025-06-07 20:16:59"}
{"level":"info","message":"User connected: demouser (6843884cf2b530bdfb4da568)","service":"chat-server","timestamp":"2025-06-07 20:17:01"}
{"level":"info","message":"User connected: alice (684388c9f2b530bdfb4da579)","service":"chat-server","timestamp":"2025-06-07 20:17:01"}
{"level":"info","message":"User demouser connected - online status updated","service":"chat-server","timestamp":"2025-06-07 20:17:01"}
{"level":"info","message":"User alice connected - online status updated","service":"chat-server","timestamp":"2025-06-07 20:17:01"}
{"level":"info","message":"User joined 1 chat rooms","service":"chat-server","timestamp":"2025-06-07 20:17:01"}
{"level":"info","message":"User joined 1 chat rooms","service":"chat-server","timestamp":"2025-06-07 20:17:01"}
{"level":"info","message":"User 6843884cf2b530bdfb4da568 status updated to away","service":"chat-server","timestamp":"2025-06-07 20:25:02"}
{"level":"info","message":"User 684388c9f2b530bdfb4da579 status updated to away","service":"chat-server","timestamp":"2025-06-07 20:25:02"}
{"level":"info","message":"User disconnected: demouser (transport close)","service":"chat-server","timestamp":"2025-06-07 21:47:32"}
{"level":"info","message":"User disconnected: alice (transport close)","service":"chat-server","timestamp":"2025-06-07 21:47:32"}
{"level":"info","message":"User demouser disconnected - offline status updated","service":"chat-server","timestamp":"2025-06-07 21:47:32"}
{"level":"info","message":"User alice disconnected - offline status updated","service":"chat-server","timestamp":"2025-06-07 21:47:32"}
{"level":"info","message":"User connected: demouser (6843884cf2b530bdfb4da568)","service":"chat-server","timestamp":"2025-06-07 21:47:32"}
{"level":"info","message":"User demouser connected - online status updated","service":"chat-server","timestamp":"2025-06-07 21:47:32"}
{"level":"info","message":"User joined 1 chat rooms","service":"chat-server","timestamp":"2025-06-07 21:47:32"}
{"level":"info","message":"User connected: alice (684388c9f2b530bdfb4da579)","service":"chat-server","timestamp":"2025-06-07 21:47:33"}
{"level":"info","message":"User alice connected - online status updated","service":"chat-server","timestamp":"2025-06-07 21:47:33"}
{"level":"info","message":"User joined 1 chat rooms","service":"chat-server","timestamp":"2025-06-07 21:47:33"}
{"level":"info","message":"User 6843884cf2b530bdfb4da568 status updated to away","service":"chat-server","timestamp":"2025-06-07 22:03:58"}
{"level":"info","message":"User 684388c9f2b530bdfb4da579 status updated to away","service":"chat-server","timestamp":"2025-06-07 22:03:58"}
{"level":"info","message":"User disconnected: alice (transport close)","service":"chat-server","timestamp":"2025-06-07 22:04:40"}
{"level":"info","message":"User disconnected: demouser (transport close)","service":"chat-server","timestamp":"2025-06-07 22:04:40"}
{"level":"info","message":"User alice disconnected - offline status updated","service":"chat-server","timestamp":"2025-06-07 22:04:40"}
{"level":"info","message":"User demouser disconnected - offline status updated","service":"chat-server","timestamp":"2025-06-07 22:04:40"}
{"level":"info","message":"User connected: alice (684388c9f2b530bdfb4da579)","service":"chat-server","timestamp":"2025-06-07 22:04:41"}
{"level":"info","message":"User connected: demouser (6843884cf2b530bdfb4da568)","service":"chat-server","timestamp":"2025-06-07 22:04:41"}
{"level":"info","message":"User alice connected - online status updated","service":"chat-server","timestamp":"2025-06-07 22:04:41"}
{"level":"info","message":"User joined 1 chat rooms","service":"chat-server","timestamp":"2025-06-07 22:04:41"}
{"level":"info","message":"User demouser connected - online status updated","service":"chat-server","timestamp":"2025-06-07 22:04:41"}
{"level":"info","message":"User joined 1 chat rooms","service":"chat-server","timestamp":"2025-06-07 22:04:41"}
{"level":"info","message":"User 684388c9f2b530bdfb4da579 status updated to away","service":"chat-server","timestamp":"2025-06-07 22:09:41"}
{"level":"info","message":"User 6843884cf2b530bdfb4da568 status updated to away","service":"chat-server","timestamp":"2025-06-07 22:09:41"}
{"level":"info","message":"User disconnected: demouser (transport close)","service":"chat-server","timestamp":"2025-06-07 22:13:55"}
{"level":"info","message":"User disconnected: alice (transport close)","service":"chat-server","timestamp":"2025-06-07 22:13:55"}
{"level":"info","message":"User alice disconnected - offline status updated","service":"chat-server","timestamp":"2025-06-07 22:13:55"}
{"level":"info","message":"User demouser disconnected - offline status updated","service":"chat-server","timestamp":"2025-06-07 22:13:55"}
{"level":"info","message":"User connected: demouser (6843884cf2b530bdfb4da568)","service":"chat-server","timestamp":"2025-06-07 22:13:56"}
{"level":"info","message":"User connected: alice (684388c9f2b530bdfb4da579)","service":"chat-server","timestamp":"2025-06-07 22:13:56"}
{"level":"info","message":"User demouser connected - online status updated","service":"chat-server","timestamp":"2025-06-07 22:13:56"}
{"level":"info","message":"User joined 1 chat rooms","service":"chat-server","timestamp":"2025-06-07 22:13:56"}
{"level":"info","message":"User alice connected - online status updated","service":"chat-server","timestamp":"2025-06-07 22:13:56"}
{"level":"info","message":"User joined 1 chat rooms","service":"chat-server","timestamp":"2025-06-07 22:13:56"}
{"level":"info","message":"User disconnected: alice (transport close)","service":"chat-server","timestamp":"2025-06-07 22:16:11"}
{"level":"info","message":"User disconnected: demouser (transport close)","service":"chat-server","timestamp":"2025-06-07 22:16:11"}
{"level":"info","message":"User demouser disconnected - offline status updated","service":"chat-server","timestamp":"2025-06-07 22:16:11"}
{"level":"info","message":"User alice disconnected - offline status updated","service":"chat-server","timestamp":"2025-06-07 22:16:11"}
{"level":"info","message":"User connected: alice (684388c9f2b530bdfb4da579)","service":"chat-server","timestamp":"2025-06-07 22:16:12"}
{"level":"info","message":"User alice connected - online status updated","service":"chat-server","timestamp":"2025-06-07 22:16:12"}
{"level":"info","message":"User joined 1 chat rooms","service":"chat-server","timestamp":"2025-06-07 22:16:12"}
{"level":"info","message":"User connected: demouser (6843884cf2b530bdfb4da568)","service":"chat-server","timestamp":"2025-06-07 22:16:13"}
{"level":"info","message":"User demouser connected - online status updated","service":"chat-server","timestamp":"2025-06-07 22:16:13"}
{"level":"info","message":"User joined 1 chat rooms","service":"chat-server","timestamp":"2025-06-07 22:16:13"}
{"level":"info","message":"User disconnected: alice (transport close)","service":"chat-server","timestamp":"2025-06-07 22:20:22"}
{"level":"info","message":"User disconnected: demouser (transport close)","service":"chat-server","timestamp":"2025-06-07 22:20:22"}
{"level":"info","message":"User demouser disconnected - offline status updated","service":"chat-server","timestamp":"2025-06-07 22:20:22"}
{"level":"info","message":"User alice disconnected - offline status updated","service":"chat-server","timestamp":"2025-06-07 22:20:22"}
{"level":"info","message":"User connected: demouser (6843884cf2b530bdfb4da568)","service":"chat-server","timestamp":"2025-06-07 22:20:23"}
{"level":"info","message":"User demouser connected - online status updated","service":"chat-server","timestamp":"2025-06-07 22:20:23"}
{"level":"info","message":"User joined 1 chat rooms","service":"chat-server","timestamp":"2025-06-07 22:20:23"}
{"level":"info","message":"User connected: alice (684388c9f2b530bdfb4da579)","service":"chat-server","timestamp":"2025-06-07 22:20:24"}
{"level":"info","message":"User alice connected - online status updated","service":"chat-server","timestamp":"2025-06-07 22:20:24"}
{"level":"info","message":"User joined 1 chat rooms","service":"chat-server","timestamp":"2025-06-07 22:20:24"}
{"level":"info","message":"User 6843884cf2b530bdfb4da568 status updated to away","service":"chat-server","timestamp":"2025-06-07 22:25:23"}
{"level":"info","message":"User 684388c9f2b530bdfb4da579 status updated to away","service":"chat-server","timestamp":"2025-06-07 22:25:24"}
{"level":"info","message":"User disconnected: demouser (transport close)","service":"chat-server","timestamp":"2025-06-07 22:30:24"}
{"level":"info","message":"User disconnected: alice (transport close)","service":"chat-server","timestamp":"2025-06-07 22:30:24"}
{"level":"info","message":"User demouser disconnected - offline status updated","service":"chat-server","timestamp":"2025-06-07 22:30:24"}
{"level":"info","message":"User alice disconnected - offline status updated","service":"chat-server","timestamp":"2025-06-07 22:30:24"}
{"level":"info","message":"User connected: demouser (6843884cf2b530bdfb4da568)","service":"chat-server","timestamp":"2025-06-07 22:30:25"}
{"level":"info","message":"User demouser connected - online status updated","service":"chat-server","timestamp":"2025-06-07 22:30:25"}
{"level":"info","message":"User connected: alice (684388c9f2b530bdfb4da579)","service":"chat-server","timestamp":"2025-06-07 22:30:25"}
{"level":"info","message":"User alice connected - online status updated","service":"chat-server","timestamp":"2025-06-07 22:30:25"}
{"level":"info","message":"User joined 1 chat rooms","service":"chat-server","timestamp":"2025-06-07 22:30:25"}
{"level":"info","message":"User joined 1 chat rooms","service":"chat-server","timestamp":"2025-06-07 22:30:25"}
{"level":"info","message":"User 6843884cf2b530bdfb4da568 status updated to away","service":"chat-server","timestamp":"2025-06-07 22:35:25"}
{"level":"info","message":"User 684388c9f2b530bdfb4da579 status updated to away","service":"chat-server","timestamp":"2025-06-07 22:35:25"}
{"level":"info","message":"User disconnected: demouser (transport close)","service":"chat-server","timestamp":"2025-06-07 22:35:47"}
{"level":"info","message":"User disconnected: alice (transport close)","service":"chat-server","timestamp":"2025-06-07 22:35:47"}
{"level":"info","message":"User demouser disconnected - offline status updated","service":"chat-server","timestamp":"2025-06-07 22:35:47"}
{"level":"info","message":"User alice disconnected - offline status updated","service":"chat-server","timestamp":"2025-06-07 22:35:47"}
{"level":"info","message":"User connected: demouser (6843884cf2b530bdfb4da568)","service":"chat-server","timestamp":"2025-06-07 22:35:48"}
{"level":"info","message":"User connected: alice (684388c9f2b530bdfb4da579)","service":"chat-server","timestamp":"2025-06-07 22:35:48"}
{"level":"info","message":"User demouser connected - online status updated","service":"chat-server","timestamp":"2025-06-07 22:35:48"}
{"level":"info","message":"User alice connected - online status updated","service":"chat-server","timestamp":"2025-06-07 22:35:48"}
{"level":"info","message":"User joined 1 chat rooms","service":"chat-server","timestamp":"2025-06-07 22:35:48"}
{"level":"info","message":"User joined 1 chat rooms","service":"chat-server","timestamp":"2025-06-07 22:35:48"}
{"level":"info","message":"User disconnected: alice (transport close)","service":"chat-server","timestamp":"2025-06-07 22:40:02"}
{"level":"info","message":"User disconnected: demouser (transport close)","service":"chat-server","timestamp":"2025-06-07 22:40:02"}
{"level":"info","message":"User alice disconnected - offline status updated","service":"chat-server","timestamp":"2025-06-07 22:40:02"}
{"level":"info","message":"User demouser disconnected - offline status updated","service":"chat-server","timestamp":"2025-06-07 22:40:02"}
{"level":"info","message":"User connected: demouser (6843884cf2b530bdfb4da568)","service":"chat-server","timestamp":"2025-06-07 22:40:03"}
{"level":"info","message":"User demouser connected - online status updated","service":"chat-server","timestamp":"2025-06-07 22:40:03"}
{"level":"info","message":"User joined 1 chat rooms","service":"chat-server","timestamp":"2025-06-07 22:40:03"}
{"level":"info","message":"User connected: alice (684388c9f2b530bdfb4da579)","service":"chat-server","timestamp":"2025-06-07 22:40:04"}
{"level":"info","message":"User alice connected - online status updated","service":"chat-server","timestamp":"2025-06-07 22:40:04"}
{"level":"info","message":"User joined 1 chat rooms","service":"chat-server","timestamp":"2025-06-07 22:40:04"}
{"level":"info","message":"User disconnected: demouser (transport close)","service":"chat-server","timestamp":"2025-06-07 22:41:01"}
{"level":"info","message":"User disconnected: alice (transport close)","service":"chat-server","timestamp":"2025-06-07 22:41:01"}
{"level":"info","message":"User demouser disconnected - offline status updated","service":"chat-server","timestamp":"2025-06-07 22:41:01"}
{"level":"info","message":"User alice disconnected - offline status updated","service":"chat-server","timestamp":"2025-06-07 22:41:01"}
{"level":"info","message":"User connected: demouser (6843884cf2b530bdfb4da568)","service":"chat-server","timestamp":"2025-06-07 22:41:02"}
{"level":"info","message":"User connected: alice (684388c9f2b530bdfb4da579)","service":"chat-server","timestamp":"2025-06-07 22:41:02"}
{"level":"info","message":"User demouser connected - online status updated","service":"chat-server","timestamp":"2025-06-07 22:41:02"}
{"level":"info","message":"User joined 1 chat rooms","service":"chat-server","timestamp":"2025-06-07 22:41:02"}
{"level":"info","message":"User alice connected - online status updated","service":"chat-server","timestamp":"2025-06-07 22:41:02"}
{"level":"info","message":"User joined 1 chat rooms","service":"chat-server","timestamp":"2025-06-07 22:41:02"}
{"level":"info","message":"User 6843884cf2b530bdfb4da568 status updated to away","service":"chat-server","timestamp":"2025-06-07 22:46:02"}
{"level":"info","message":"User 684388c9f2b530bdfb4da579 status updated to away","service":"chat-server","timestamp":"2025-06-07 22:46:02"}
{"level":"info","message":"User disconnected: demouser (transport close)","service":"chat-server","timestamp":"2025-06-07 22:54:54"}
{"level":"info","message":"User disconnected: alice (transport close)","service":"chat-server","timestamp":"2025-06-07 22:54:54"}
{"level":"info","message":"User demouser disconnected - offline status updated","service":"chat-server","timestamp":"2025-06-07 22:54:54"}
{"level":"info","message":"User alice disconnected - offline status updated","service":"chat-server","timestamp":"2025-06-07 22:54:54"}
{"level":"info","message":"User connected: alice (684388c9f2b530bdfb4da579)","service":"chat-server","timestamp":"2025-06-07 22:54:55"}
{"level":"info","message":"User alice connected - online status updated","service":"chat-server","timestamp":"2025-06-07 22:54:55"}
{"level":"info","message":"User joined 1 chat rooms","service":"chat-server","timestamp":"2025-06-07 22:54:55"}
{"level":"info","message":"User connected: demouser (6843884cf2b530bdfb4da568)","service":"chat-server","timestamp":"2025-06-07 22:54:56"}
{"level":"info","message":"User demouser connected - online status updated","service":"chat-server","timestamp":"2025-06-07 22:54:56"}
{"level":"info","message":"User joined 1 chat rooms","service":"chat-server","timestamp":"2025-06-07 22:54:56"}
{"level":"info","message":"User 684388c9f2b530bdfb4da579 status updated to away","service":"chat-server","timestamp":"2025-06-07 22:59:55"}
{"level":"info","message":"User 6843884cf2b530bdfb4da568 status updated to away","service":"chat-server","timestamp":"2025-06-07 22:59:56"}
{"level":"info","message":"User disconnected: demouser (transport close)","service":"chat-server","timestamp":"2025-06-07 23:17:13"}
{"level":"info","message":"User disconnected: alice (transport close)","service":"chat-server","timestamp":"2025-06-07 23:17:13"}
{"level":"info","message":"User alice disconnected - offline status updated","service":"chat-server","timestamp":"2025-06-07 23:17:13"}
{"level":"info","message":"User demouser disconnected - offline status updated","service":"chat-server","timestamp":"2025-06-07 23:17:13"}
{"level":"info","message":"User connected: alice (684388c9f2b530bdfb4da579)","service":"chat-server","timestamp":"2025-06-07 23:17:14"}
{"level":"info","message":"User connected: demouser (6843884cf2b530bdfb4da568)","service":"chat-server","timestamp":"2025-06-07 23:17:14"}
{"level":"info","message":"User alice connected - online status updated","service":"chat-server","timestamp":"2025-06-07 23:17:14"}
{"level":"info","message":"User joined 1 chat rooms","service":"chat-server","timestamp":"2025-06-07 23:17:14"}
{"level":"info","message":"User demouser connected - online status updated","service":"chat-server","timestamp":"2025-06-07 23:17:14"}
{"level":"info","message":"User joined 1 chat rooms","service":"chat-server","timestamp":"2025-06-07 23:17:14"}
{"level":"info","message":"User disconnected: demouser (transport close)","service":"chat-server","timestamp":"2025-06-07 23:18:01"}
{"level":"info","message":"User disconnected: alice (transport close)","service":"chat-server","timestamp":"2025-06-07 23:18:01"}
{"level":"info","message":"User demouser disconnected - offline status updated","service":"chat-server","timestamp":"2025-06-07 23:18:01"}
{"level":"info","message":"User alice disconnected - offline status updated","service":"chat-server","timestamp":"2025-06-07 23:18:01"}
{"level":"info","message":"User connected: alice (684388c9f2b530bdfb4da579)","service":"chat-server","timestamp":"2025-06-07 23:18:02"}
{"level":"info","message":"User connected: demouser (6843884cf2b530bdfb4da568)","service":"chat-server","timestamp":"2025-06-07 23:18:02"}
{"level":"info","message":"User demouser connected - online status updated","service":"chat-server","timestamp":"2025-06-07 23:18:02"}
{"level":"info","message":"User alice connected - online status updated","service":"chat-server","timestamp":"2025-06-07 23:18:02"}
{"level":"info","message":"User joined 1 chat rooms","service":"chat-server","timestamp":"2025-06-07 23:18:02"}
{"level":"info","message":"User joined 1 chat rooms","service":"chat-server","timestamp":"2025-06-07 23:18:02"}
{"level":"info","message":"User 6843884cf2b530bdfb4da568 status updated to away","service":"chat-server","timestamp":"2025-06-07 23:23:02"}
{"level":"info","message":"User 684388c9f2b530bdfb4da579 status updated to away","service":"chat-server","timestamp":"2025-06-07 23:23:02"}
{"level":"info","message":"User disconnected: alice (transport close)","service":"chat-server","timestamp":"2025-06-07 23:24:17"}
{"level":"info","message":"User disconnected: demouser (transport close)","service":"chat-server","timestamp":"2025-06-07 23:24:17"}
{"level":"info","message":"User alice disconnected - offline status updated","service":"chat-server","timestamp":"2025-06-07 23:24:17"}
{"level":"info","message":"User demouser disconnected - offline status updated","service":"chat-server","timestamp":"2025-06-07 23:24:17"}
{"level":"info","message":"User connected: demouser (6843884cf2b530bdfb4da568)","service":"chat-server","timestamp":"2025-06-07 23:24:18"}
{"level":"info","message":"User connected: alice (684388c9f2b530bdfb4da579)","service":"chat-server","timestamp":"2025-06-07 23:24:18"}
{"level":"info","message":"User demouser connected - online status updated","service":"chat-server","timestamp":"2025-06-07 23:24:18"}
{"level":"info","message":"User joined 1 chat rooms","service":"chat-server","timestamp":"2025-06-07 23:24:18"}
{"level":"info","message":"User alice connected - online status updated","service":"chat-server","timestamp":"2025-06-07 23:24:18"}
{"level":"info","message":"User joined 1 chat rooms","service":"chat-server","timestamp":"2025-06-07 23:24:18"}
{"level":"info","message":"User 6843884cf2b530bdfb4da568 status updated to away","service":"chat-server","timestamp":"2025-06-07 23:29:18"}
{"level":"info","message":"User 684388c9f2b530bdfb4da579 status updated to away","service":"chat-server","timestamp":"2025-06-07 23:29:18"}
{"level":"info","message":"User disconnected: demouser (transport close)","service":"chat-server","timestamp":"2025-06-08 00:10:52"}
{"level":"info","message":"User disconnected: alice (transport close)","service":"chat-server","timestamp":"2025-06-08 00:10:52"}
{"level":"info","message":"User alice disconnected - offline status updated","service":"chat-server","timestamp":"2025-06-08 00:10:52"}
{"level":"info","message":"User demouser disconnected - offline status updated","service":"chat-server","timestamp":"2025-06-08 00:10:52"}
{"level":"info","message":"User connected: demouser (6843884cf2b530bdfb4da568)","service":"chat-server","timestamp":"2025-06-08 00:10:53"}
{"level":"info","message":"User connected: alice (684388c9f2b530bdfb4da579)","service":"chat-server","timestamp":"2025-06-08 00:10:53"}
{"level":"info","message":"User demouser connected - online status updated","service":"chat-server","timestamp":"2025-06-08 00:10:53"}
{"level":"info","message":"User joined 1 chat rooms","service":"chat-server","timestamp":"2025-06-08 00:10:53"}
{"level":"info","message":"User alice connected - online status updated","service":"chat-server","timestamp":"2025-06-08 00:10:53"}
{"level":"info","message":"User joined 1 chat rooms","service":"chat-server","timestamp":"2025-06-08 00:10:53"}
{"level":"info","message":"User 6843884cf2b530bdfb4da568 status updated to away","service":"chat-server","timestamp":"2025-06-08 00:26:15"}
{"level":"info","message":"User 684388c9f2b530bdfb4da579 status updated to away","service":"chat-server","timestamp":"2025-06-08 00:26:15"}
{"level":"info","message":"User disconnected: demouser (transport close)","service":"chat-server","timestamp":"2025-06-08 00:54:52"}
{"level":"info","message":"User disconnected: alice (transport close)","service":"chat-server","timestamp":"2025-06-08 00:54:52"}
{"level":"info","message":"User demouser disconnected - offline status updated","service":"chat-server","timestamp":"2025-06-08 00:54:52"}
{"level":"info","message":"User alice disconnected - offline status updated","service":"chat-server","timestamp":"2025-06-08 00:54:52"}
{"level":"info","message":"User connected: alice (684388c9f2b530bdfb4da579)","service":"chat-server","timestamp":"2025-06-08 00:54:53"}
{"level":"info","message":"User connected: demouser (6843884cf2b530bdfb4da568)","service":"chat-server","timestamp":"2025-06-08 00:54:53"}
{"level":"info","message":"User alice connected - online status updated","service":"chat-server","timestamp":"2025-06-08 00:54:53"}
{"level":"info","message":"User joined 1 chat rooms","service":"chat-server","timestamp":"2025-06-08 00:54:53"}
{"level":"info","message":"User demouser connected - online status updated","service":"chat-server","timestamp":"2025-06-08 00:54:53"}
{"level":"info","message":"User joined 1 chat rooms","service":"chat-server","timestamp":"2025-06-08 00:54:53"}
{"level":"info","message":"User 684388c9f2b530bdfb4da579 status updated to away","service":"chat-server","timestamp":"2025-06-08 00:59:53"}
{"level":"info","message":"User 6843884cf2b530bdfb4da568 status updated to away","service":"chat-server","timestamp":"2025-06-08 00:59:53"}
{"level":"info","message":"User disconnected: demouser (transport close)","service":"chat-server","timestamp":"2025-06-08 01:02:40"}
{"level":"info","message":"User disconnected: alice (transport close)","service":"chat-server","timestamp":"2025-06-08 01:02:40"}
{"level":"info","message":"User demouser disconnected - offline status updated","service":"chat-server","timestamp":"2025-06-08 01:02:40"}
{"level":"info","message":"User alice disconnected - offline status updated","service":"chat-server","timestamp":"2025-06-08 01:02:40"}
{"level":"info","message":"User connected: alice (684388c9f2b530bdfb4da579)","service":"chat-server","timestamp":"2025-06-08 01:02:41"}
{"level":"info","message":"User alice connected - online status updated","service":"chat-server","timestamp":"2025-06-08 01:02:41"}
{"level":"info","message":"User joined 1 chat rooms","service":"chat-server","timestamp":"2025-06-08 01:02:41"}
{"level":"info","message":"User connected: demouser (6843884cf2b530bdfb4da568)","service":"chat-server","timestamp":"2025-06-08 01:02:42"}
{"level":"info","message":"User demouser connected - online status updated","service":"chat-server","timestamp":"2025-06-08 01:02:42"}
{"level":"info","message":"User joined 1 chat rooms","service":"chat-server","timestamp":"2025-06-08 01:02:42"}
{"level":"info","message":"User disconnected: alice (transport close)","service":"chat-server","timestamp":"2025-06-08 01:02:57"}
{"level":"info","message":"User disconnected: demouser (transport close)","service":"chat-server","timestamp":"2025-06-08 01:02:57"}
{"level":"info","message":"User demouser disconnected - offline status updated","service":"chat-server","timestamp":"2025-06-08 01:02:57"}
{"level":"info","message":"User alice disconnected - offline status updated","service":"chat-server","timestamp":"2025-06-08 01:02:57"}
{"level":"info","message":"User connected: alice (684388c9f2b530bdfb4da579)","service":"chat-server","timestamp":"2025-06-08 01:02:59"}
{"level":"info","message":"User alice connected - online status updated","service":"chat-server","timestamp":"2025-06-08 01:02:59"}
{"level":"info","message":"User joined 1 chat rooms","service":"chat-server","timestamp":"2025-06-08 01:02:59"}
{"level":"info","message":"User connected: demouser (6843884cf2b530bdfb4da568)","service":"chat-server","timestamp":"2025-06-08 01:03:00"}
{"level":"info","message":"User demouser connected - online status updated","service":"chat-server","timestamp":"2025-06-08 01:03:00"}
{"level":"info","message":"User joined 1 chat rooms","service":"chat-server","timestamp":"2025-06-08 01:03:00"}
{"level":"info","message":"User 684388c9f2b530bdfb4da579 status updated to away","service":"chat-server","timestamp":"2025-06-08 01:07:59"}
{"level":"info","message":"User 6843884cf2b530bdfb4da568 status updated to away","service":"chat-server","timestamp":"2025-06-08 01:08:00"}
{"level":"info","message":"User disconnected: alice (transport close)","service":"chat-server","timestamp":"2025-06-08 02:26:09"}
{"level":"info","message":"User disconnected: demouser (transport close)","service":"chat-server","timestamp":"2025-06-08 02:26:09"}
{"level":"info","message":"User alice disconnected - offline status updated","service":"chat-server","timestamp":"2025-06-08 02:26:10"}
{"level":"info","message":"User demouser disconnected - offline status updated","service":"chat-server","timestamp":"2025-06-08 02:26:10"}
{"level":"info","message":"User connected: alice (684388c9f2b530bdfb4da579)","service":"chat-server","timestamp":"2025-06-08 02:26:11"}
{"level":"info","message":"User connected: demouser (6843884cf2b530bdfb4da568)","service":"chat-server","timestamp":"2025-06-08 02:26:11"}
{"level":"info","message":"User alice connected - online status updated","service":"chat-server","timestamp":"2025-06-08 02:26:11"}
{"level":"info","message":"User demouser connected - online status updated","service":"chat-server","timestamp":"2025-06-08 02:26:11"}
{"level":"info","message":"User joined 1 chat rooms","service":"chat-server","timestamp":"2025-06-08 02:26:11"}
{"level":"info","message":"User joined 1 chat rooms","service":"chat-server","timestamp":"2025-06-08 02:26:11"}
{"level":"info","message":"User 684388c9f2b530bdfb4da579 status updated to away","service":"chat-server","timestamp":"2025-06-08 02:31:11"}
{"level":"info","message":"User 6843884cf2b530bdfb4da568 status updated to away","service":"chat-server","timestamp":"2025-06-08 02:31:11"}
{"level":"info","message":"User disconnected: alice (transport close)","service":"chat-server","timestamp":"2025-06-08 02:55:06"}
{"level":"info","message":"User disconnected: demouser (transport close)","service":"chat-server","timestamp":"2025-06-08 02:55:06"}
{"level":"info","message":"User demouser disconnected - offline status updated","service":"chat-server","timestamp":"2025-06-08 02:55:06"}
{"level":"info","message":"User alice disconnected - offline status updated","service":"chat-server","timestamp":"2025-06-08 02:55:06"}
{"level":"info","message":"User connected: alice (684388c9f2b530bdfb4da579)","service":"chat-server","timestamp":"2025-06-08 02:55:08"}
{"level":"info","message":"User alice connected - online status updated","service":"chat-server","timestamp":"2025-06-08 02:55:08"}
{"level":"info","message":"User joined 1 chat rooms","service":"chat-server","timestamp":"2025-06-08 02:55:08"}
{"level":"info","message":"User connected: demouser (6843884cf2b530bdfb4da568)","service":"chat-server","timestamp":"2025-06-08 02:55:09"}
{"level":"info","message":"User demouser connected - online status updated","service":"chat-server","timestamp":"2025-06-08 02:55:09"}
{"level":"info","message":"User joined 1 chat rooms","service":"chat-server","timestamp":"2025-06-08 02:55:09"}
{"level":"info","message":"User 684388c9f2b530bdfb4da579 status updated to away","service":"chat-server","timestamp":"2025-06-08 03:00:08"}
{"level":"info","message":"User 6843884cf2b530bdfb4da568 status updated to away","service":"chat-server","timestamp":"2025-06-08 03:00:09"}
{"level":"info","message":"User disconnected: alice (transport close)","service":"chat-server","timestamp":"2025-06-08 03:32:37"}
{"level":"info","message":"User disconnected: demouser (transport close)","service":"chat-server","timestamp":"2025-06-08 03:32:37"}
{"level":"info","message":"User alice disconnected - offline status updated","service":"chat-server","timestamp":"2025-06-08 03:32:37"}
{"level":"info","message":"User demouser disconnected - offline status updated","service":"chat-server","timestamp":"2025-06-08 03:32:37"}
{"level":"info","message":"User connected: demouser (6843884cf2b530bdfb4da568)","service":"chat-server","timestamp":"2025-06-08 03:32:38"}
{"level":"info","message":"User demouser connected - online status updated","service":"chat-server","timestamp":"2025-06-08 03:32:38"}
{"level":"info","message":"User joined 1 chat rooms","service":"chat-server","timestamp":"2025-06-08 03:32:38"}
{"level":"info","message":"User connected: alice (684388c9f2b530bdfb4da579)","service":"chat-server","timestamp":"2025-06-08 03:32:39"}
{"level":"info","message":"User alice connected - online status updated","service":"chat-server","timestamp":"2025-06-08 03:32:39"}
{"level":"info","message":"User joined 1 chat rooms","service":"chat-server","timestamp":"2025-06-08 03:32:39"}
{"level":"info","message":"User 6843884cf2b530bdfb4da568 status updated to away","service":"chat-server","timestamp":"2025-06-08 03:43:10"}
{"level":"info","message":"User 684388c9f2b530bdfb4da579 status updated to away","service":"chat-server","timestamp":"2025-06-08 03:43:10"}
{"level":"warn","message":"GIPHY_API_KEY not set - GIF functionality will be limited","service":"chat-server","timestamp":"2025-11-03 19:30:55"}
{"level":"info","message":"Chat server running on port 5050","service":"chat-server","timestamp":"2025-11-03 19:30:56"}
{"level":"info","message":"Environment: development","service":"chat-server","timestamp":"2025-11-03 19:30:56"}
{"level":"info","message":"Connected to MongoDB successfully","service":"chat-server","timestamp":"2025-11-03 19:30:56"}
